Iteration,Min Colors,Avg Colors
0,9,11.020000
1,9,11.080000
2,9,10.910000
3,9,11.080000
4,9,10.920000
5,9,11.030000
6,9,10.980000
7,9,11.020000
8,9,11.040000
9,9,11.030000
10,9,10.970000
11,9,10.940000
12,9,11.020000
13,9,10.900000
14,9,11.020000
15,9,11.000000
16,9,10.850000
17,9,11.010000
18,9,10.930000
19,9,11.100000
20,9,11.020000
21,9,11.030000
22,9,10.950000
23,9,10.960000
24,9,10.940000
25,9,10.930000
26,9,11.010000
27,9,10.850000
28,9,11.010000
29,9,11.050000
30,9,10.870000
31,9,11.030000
32,9,11.020000
33,9,10.960000
34,9,10.970000
35,9,10.970000
36,9,10.950000
37,9,10.940000
38,9,10.990000
39,9,10.940000
40,9,10.960000
41,9,10.950000
42,9,10.970000
43,9,10.870000
44,9,10.970000
45,9,10.980000
46,9,11.050000
47,9,11.000000
48,9,10.990000
49,9,10.960000
50,9,10.900000
51,9,10.980000
52,9,10.890000
53,9,10.890000
54,9,10.970000
55,9,11.000000
56,9,11.030000
57,9,11.090000
58,9,10.890000
59,9,11.030000
60,9,10.970000
61,9,11.100000
62,9,10.940000
63,9,10.970000
64,9,10.930000
65,9,10.910000
66,9,10.970000
67,9,10.960000
68,9,10.870000
69,9,11.020000
70,9,10.960000
71,9,11.040000
72,9,10.920000
73,9,10.950000
74,9,10.920000
75,9,11.090000
76,9,10.980000
77,9,11.010000
78,9,10.870000
79,9,10.780000
80,9,10.950000
81,9,10.960000
82,9,10.960000
83,9,10.940000
84,9,11.060000
85,9,11.050000
86,9,10.980000
87,9,11.000000
88,9,11.110000
89,9,11.010000
90,9,10.920000
91,9,10.990000
92,9,10.900000
93,9,10.910000
94,9,10.850000
95,9,11.050000
96,9,11.000000
97,9,11.000000
98,9,10.890000
99,9,10.920000
100,9,10.910000
101,9,10.930000
102,9,11.010000
103,9,10.970000
104,9,11.020000
105,9,10.920000
106,9,11.100000
107,9,10.940000
108,9,11.020000
109,9,10.960000
110,9,11.000000
111,9,10.960000
112,9,11.010000
113,9,10.970000
114,9,10.940000
115,9,11.030000
116,9,11.020000
117,9,10.980000
118,9,10.880000
119,9,10.920000
120,9,10.920000
121,9,11.080000
122,9,11.070000
123,9,11.060000
124,9,10.980000
125,9,10.910000
126,9,10.970000
127,9,10.980000
128,9,11.060000
129,9,11.000000
130,9,10.980000
131,9,10.990000
132,9,11.030000
133,9,11.010000
134,9,11.000000
135,9,11.000000
136,9,10.990000
137,9,10.920000
138,9,11.130000
139,9,10.980000
140,9,10.960000
141,9,10.900000
142,9,11.000000
143,9,10.960000
144,9,11.050000
145,9,10.900000
146,9,11.080000
147,9,11.110000
148,9,10.990000
149,9,11.040000
150,9,10.820000
151,9,10.970000
152,9,10.850000
153,9,11.090000
154,9,10.870000
155,9,10.860000
156,9,11.010000
157,9,11.000000
158,9,10.970000
159,9,11.020000
160,9,10.970000
161,9,10.920000
162,9,10.960000
163,9,10.930000
164,9,10.930000
165,9,10.840000
166,9,10.960000
167,9,10.900000
168,9,10.920000
169,9,10.910000
170,9,10.990000
171,9,10.870000
172,9,10.940000
173,9,10.970000
174,9,10.950000
175,9,10.960000
176,9,10.970000
177,9,10.970000
178,9,11.000000
179,9,11.060000
180,9,11.020000
181,9,11.070000
182,9,10.990000
183,9,10.930000
184,9,10.980000
185,9,10.920000
186,9,10.980000
187,9,11.000000
188,9,11.110000
189,9,10.940000
190,9,10.980000
191,9,10.950000
192,9,10.890000
193,9,11.010000
194,9,11.100000
195,9,10.960000
196,9,11.020000
197,9,10.970000
198,9,10.960000
199,9,11.020000
200,9,10.910000
201,9,10.990000
202,9,11.070000
203,9,10.920000
204,9,11.030000
205,9,11.020000
206,9,10.910000
207,9,10.980000
208,9,10.890000
209,9,11.000000
210,9,11.060000
211,9,11.100000
212,9,11.000000
213,9,10.930000
214,9,10.930000
215,9,11.030000
216,9,10.940000
217,9,11.120000
218,9,10.970000
219,9,10.870000
220,9,10.920000
221,9,10.970000
222,9,11.000000
223,9,10.970000
224,9,11.190000
225,9,11.020000
226,9,10.890000
227,9,10.840000
228,9,10.840000
229,9,10.940000
230,9,10.900000
231,9,11.020000
232,9,10.910000
233,9,11.060000
234,9,11.040000
235,9,11.060000
236,9,10.980000
237,9,10.900000
238,9,10.960000
239,9,11.000000
240,9,10.940000
241,9,10.930000
242,9,10.960000
243,9,10.900000
244,9,11.090000
245,9,10.900000
246,9,10.940000
247,9,10.820000
248,9,11.110000
249,9,11.000000
250,9,10.930000
251,9,11.000000
252,9,10.930000
253,9,10.990000
254,9,10.900000
255,9,10.960000
256,9,10.950000
257,9,10.940000
258,9,11.080000
259,9,11.040000
260,9,10.910000
261,9,11.010000
262,9,11.100000
263,9,11.010000
264,9,10.990000
265,9,11.100000
266,9,10.990000
267,9,10.850000
268,9,11.020000
269,9,10.930000
270,9,10.960000
271,9,10.960000
272,9,10.900000
273,9,10.960000
274,9,11.060000
275,9,11.060000
276,9,10.980000
277,9,10.950000
278,9,11.160000
279,9,11.080000
280,9,10.960000
281,9,10.950000
282,9,11.060000
283,9,10.940000
284,9,11.000000
285,9,11.070000
286,9,10.950000
287,9,10.990000
288,9,11.030000
289,9,11.020000
290,9,11.000000
291,9,11.010000
292,9,10.980000
293,9,11.060000
294,9,10.970000
295,9,10.910000
296,9,10.930000
297,9,11.020000
298,9,10.970000
299,9,11.000000
300,9,11.050000
301,9,11.090000
302,9,10.820000
303,9,11.080000
304,9,10.870000
305,9,10.880000
306,9,10.910000
307,9,11.070000
308,9,10.860000
309,9,10.920000
310,9,11.080000
311,9,11.000000
312,9,10.990000
313,9,10.990000
314,9,10.880000
315,9,10.950000
316,9,10.920000
317,9,10.940000
318,9,10.950000
319,9,11.010000
320,9,10.970000
321,9,11.010000
322,9,11.000000
323,9,10.920000
324,9,11.070000
325,9,11.060000
326,9,10.910000
327,9,11.040000
328,9,10.960000
329,9,11.010000
330,9,11.070000
331,9,10.930000
332,9,10.860000
333,9,10.960000
334,9,10.880000
335,9,10.990000
336,9,10.980000
337,9,10.970000
338,9,10.900000
339,9,10.950000
340,9,11.020000
341,9,11.000000
342,9,11.150000
343,9,11.040000
344,9,10.980000
345,9,11.020000
346,9,11.060000
347,9,10.870000
348,9,11.000000
349,9,11.010000
350,9,11.020000
351,9,10.910000
352,9,10.970000
353,9,11.020000
354,9,11.020000
355,9,11.000000
356,9,10.850000
357,9,10.910000
358,9,10.950000
359,9,11.000000
360,9,11.030000
361,9,11.130000
362,9,11.050000
363,9,11.010000
364,9,10.990000
365,9,10.980000
366,9,10.900000
367,9,10.870000
368,9,10.940000
369,9,10.890000
370,9,10.870000
371,9,10.980000
372,9,10.890000
373,9,10.970000
374,9,11.010000
375,9,10.800000
376,9,10.900000
377,9,10.930000
378,9,11.040000
379,8,11.000000
380,8,10.960000
381,8,11.010000
382,8,11.030000
383,8,11.030000
384,8,10.990000
385,8,10.970000
386,8,10.980000
387,8,10.890000
388,8,10.980000
389,8,10.840000
390,8,10.880000
391,8,10.800000
392,8,10.950000
393,8,10.880000
394,8,10.870000
395,8,10.930000
396,8,11.010000
397,8,10.950000
398,8,10.930000
399,8,11.000000
400,8,10.970000
401,8,10.830000
402,8,11.110000
403,8,11.070000
404,8,11.000000
405,8,11.070000
406,8,10.990000
407,8,10.810000
408,8,11.040000
409,8,11.010000
410,8,10.870000
411,8,10.970000
412,8,11.000000
413,8,10.880000
414,8,10.960000
415,8,10.930000
416,8,11.040000
417,8,11.100000
418,8,10.970000
419,8,10.960000
420,8,11.020000
421,8,10.900000
422,8,10.930000
423,8,11.040000
424,8,10.840000
425,8,10.830000
426,8,10.950000
427,8,10.770000
428,8,10.820000
429,8,10.940000
430,8,10.960000
431,8,10.970000
432,8,10.950000
433,8,10.880000
434,8,10.930000
435,8,10.980000
436,8,11.010000
437,8,11.020000
438,8,10.800000
439,8,11.030000
440,8,10.860000
441,8,11.040000
442,8,11.080000
443,8,10.920000
444,8,10.870000
445,8,11.040000
446,8,10.980000
447,8,10.900000
448,8,11.030000
449,8,10.950000
450,8,10.900000
451,8,10.920000
452,8,10.900000
453,8,11.000000
454,8,10.830000
455,8,10.870000
456,8,10.820000
457,8,10.800000
458,8,11.020000
459,8,11.020000
460,8,10.860000
461,8,11.000000
462,8,10.900000
463,8,11.030000
464,8,10.960000
465,8,10.930000
466,8,10.910000
467,8,11.110000
468,8,11.080000
469,8,10.880000
470,8,10.970000
471,8,11.030000
472,8,11.080000
473,8,11.010000
474,8,10.950000
475,8,10.980000
476,8,10.930000
477,8,10.840000
478,8,10.830000
479,8,10.880000
480,8,10.990000
481,8,11.030000
482,8,11.020000
483,8,10.760000
484,8,10.960000
485,8,10.970000
486,8,10.800000
487,8,11.070000
488,8,10.930000
489,8,10.900000
490,8,10.970000
491,8,11.080000
492,8,10.930000
493,8,10.850000
494,8,11.000000
495,8,10.990000
496,8,10.880000
497,8,10.990000
498,8,10.950000
499,8,11.020000
500,8,11.060000
501,8,10.970000
502,8,10.850000
503,8,10.950000
504,8,10.840000
505,8,10.980000
506,8,10.980000
507,8,10.860000
508,8,10.980000
509,8,10.870000
510,8,11.010000
511,8,10.960000
512,8,10.870000
513,8,11.010000
514,8,11.130000
515,8,10.880000
516,8,11.020000
517,8,10.900000
518,8,10.920000
519,8,10.920000
520,8,10.900000
521,8,11.060000
522,8,11.090000
523,8,11.010000
524,8,11.040000
525,8,10.980000
526,8,11.010000
527,8,11.110000
528,8,10.950000
529,8,10.950000
530,8,10.780000
531,8,10.950000
532,8,10.990000
533,8,10.990000
534,8,10.900000
535,8,11.050000
536,8,11.010000
537,8,11.050000
538,8,10.890000
539,8,11.000000
540,8,10.880000
541,8,10.950000
542,8,11.140000
543,8,11.000000
544,8,11.070000
545,8,10.860000
546,8,10.920000
547,8,10.970000
548,8,10.980000
549,8,11.120000
550,8,10.960000
551,8,10.930000
552,8,11.020000
553,8,11.020000
554,8,10.890000
555,8,10.940000
556,8,11.010000
557,8,10.900000
558,8,10.970000
559,8,10.990000
560,8,11.060000
561,8,10.920000
562,8,10.960000
563,8,10.920000
564,8,10.920000
565,8,10.970000
566,8,10.950000
567,8,11.030000
568,8,10.950000
569,8,10.920000
570,8,10.910000
571,8,10.970000
572,8,10.930000
573,8,11.090000
574,8,10.840000
575,8,11.020000
576,8,11.010000
577,8,11.050000
578,8,11.010000
579,8,11.110000
580,8,10.940000
581,8,11.050000
582,8,11.070000
583,8,10.870000
584,8,11.060000
585,8,10.910000
586,8,11.000000
587,8,10.890000
588,8,10.930000
589,8,11.140000
590,8,10.970000
591,8,11.060000
592,8,10.900000
593,8,10.990000
594,8,10.980000
595,8,10.870000
596,8,10.890000
597,8,10.940000
598,8,10.910000
599,8,11.080000
600,8,11.000000
601,8,11.080000
602,8,10.960000
603,8,11.000000
604,8,10.980000
605,8,10.970000
606,8,10.970000
607,8,11.050000
608,8,10.910000
609,8,10.920000
610,8,10.960000
611,8,10.980000
612,8,10.980000
613,8,10.960000
614,8,10.920000
615,8,11.140000
616,8,11.020000
617,8,10.920000
618,8,10.910000
619,8,10.980000
620,8,11.050000
621,8,10.950000
622,8,10.990000
623,8,11.020000
624,8,10.970000
625,8,10.990000
626,8,10.900000
627,8,10.920000
628,8,10.920000
629,8,10.970000
630,8,10.910000
631,8,10.940000
632,8,11.000000
633,8,11.040000
634,8,10.940000
635,8,11.060000
636,8,10.890000
637,8,10.970000
638,8,10.890000
639,8,10.920000
640,8,10.820000
641,8,10.890000
642,8,11.020000
643,8,11.080000
644,8,10.950000
645,8,10.910000
646,8,11.060000
647,8,11.020000
648,8,10.960000
649,8,10.900000
650,8,10.980000
651,8,11.010000
652,8,10.940000
653,8,10.900000
654,8,10.930000
655,8,10.980000
656,8,11.070000
657,8,10.950000
658,8,11.050000
659,8,10.990000
660,8,10.970000
661,8,11.010000
662,8,11.010000
663,8,10.990000
664,8,10.960000
665,8,10.860000
666,8,11.030000
667,8,11.010000
668,8,10.950000
669,8,11.020000
670,8,10.900000
671,8,10.940000
672,8,10.880000
673,8,10.990000
674,8,10.850000
675,8,10.850000
676,8,10.920000
677,8,11.000000
678,8,10.930000
679,8,10.840000
680,8,11.040000
681,8,10.940000
682,8,10.940000
683,8,11.150000
684,8,10.910000
685,8,10.940000
686,8,10.850000
687,8,10.910000
688,8,10.930000
689,8,11.130000
690,8,11.120000
691,8,10.970000
692,8,10.960000
693,8,10.900000
694,8,10.990000
695,8,11.050000
696,8,10.960000
697,8,10.970000
698,8,11.110000
699,8,10.940000
700,8,11.030000
701,8,11.060000
702,8,11.070000
703,8,10.950000
704,8,10.960000
705,8,11.040000
706,8,10.860000
707,8,11.080000
708,8,10.900000
709,8,11.080000
710,8,10.970000
711,8,11.100000
712,8,10.940000
713,8,10.960000
714,8,10.930000
715,8,11.000000
716,8,10.900000
717,8,10.890000
718,8,10.980000
719,8,10.890000
720,8,11.000000
721,8,10.990000
722,8,11.030000
723,8,10.900000
724,8,11.020000
725,8,10.810000
726,8,10.980000
727,8,10.980000
728,8,11.020000
729,8,11.050000
730,8,10.940000
731,8,10.890000
732,8,11.010000
733,8,10.920000
734,8,10.900000
735,8,10.950000
736,8,11.050000
737,8,11.000000
738,8,10.930000
739,8,10.990000
740,8,11.040000
741,8,10.970000
742,8,11.040000
743,8,10.910000
744,8,10.990000
745,8,10.950000
746,8,11.050000
747,8,10.940000
748,8,10.890000
749,8,10.940000
750,8,11.030000
751,8,11.110000
752,8,11.030000
753,8,10.980000
754,8,10.920000
755,8,10.880000
756,8,10.950000
757,8,10.990000
758,8,10.950000
759,8,11.110000
760,8,11.030000
761,8,11.030000
762,8,10.960000
763,8,11.030000
764,8,11.000000
765,8,10.910000
766,8,10.950000
767,8,10.940000
768,8,11.010000
769,8,10.950000
770,8,10.910000
771,8,10.950000
772,8,10.980000
773,8,10.980000
774,8,10.790000
775,8,11.010000
776,8,10.880000
777,8,10.910000
778,8,10.920000
779,8,10.930000
780,8,11.060000
781,8,11.000000
782,8,10.970000
783,8,10.930000
784,8,10.860000
785,8,10.940000
786,8,11.090000
787,8,10.890000
788,8,10.870000
789,8,10.980000
790,8,10.850000
791,8,11.010000
792,8,10.970000
793,8,10.950000
794,8,10.940000
795,8,10.930000
796,8,10.890000
797,8,10.950000
798,8,10.910000
799,8,10.970000
800,8,10.820000
801,8,10.940000
802,8,11.050000
803,8,11.050000
804,8,11.030000
805,8,11.120000
806,8,11.020000
807,8,10.950000
808,8,11.000000
809,8,10.960000
810,8,10.910000
811,8,10.820000
812,8,10.920000
813,8,10.870000
814,8,10.930000
815,8,10.960000
816,8,10.930000
817,8,10.940000
818,8,10.960000
819,8,10.940000
820,8,10.930000
821,8,10.880000
822,8,11.020000
823,8,10.880000
824,8,10.950000
825,8,10.940000
826,8,10.970000
827,8,11.050000
828,8,10.980000
829,8,11.020000
830,8,10.980000
831,8,10.930000
832,8,10.800000
833,8,11.040000
834,8,10.890000
835,8,10.840000
836,8,10.920000
837,8,10.870000
838,8,10.950000
839,8,10.910000
840,8,11.050000
841,8,10.790000
842,8,11.070000
843,8,10.900000
844,8,10.910000
845,8,10.920000
846,8,10.980000
847,8,10.970000
848,8,10.950000
849,8,10.860000
850,8,11.100000
851,8,10.940000
852,8,10.920000
853,8,10.920000
854,8,10.980000
855,8,11.040000
856,8,10.910000
857,8,10.860000
858,8,11.090000
859,8,10.890000
860,8,10.980000
861,8,10.900000
862,8,10.910000
863,8,10.950000
864,8,10.880000
865,8,10.900000
866,8,11.010000
867,8,10.990000
868,8,10.950000
869,8,11.040000
870,8,10.980000
871,8,10.980000
872,8,11.010000
873,8,10.950000
874,8,11.030000
875,8,11.050000
876,8,11.010000
877,8,10.910000
878,8,10.840000
879,8,11.110000
880,8,11.000000
881,8,11.020000
882,8,10.940000
883,8,11.040000
884,8,10.890000
885,8,10.960000
886,8,10.840000
887,8,10.950000
888,8,10.940000
889,8,10.820000
890,8,10.950000
891,8,11.010000
892,8,10.930000
893,8,11.000000
894,8,11.000000
895,8,10.980000
896,8,10.930000
897,8,11.060000
898,8,10.930000
899,8,10.920000
900,8,10.910000
901,8,11.000000
902,8,11.080000
903,8,11.030000
904,8,10.930000
905,8,10.970000
906,8,10.940000
907,8,10.920000
908,8,10.990000
909,8,10.890000
910,8,10.860000
911,8,10.970000
912,8,10.940000
913,8,11.050000
914,8,10.940000
915,8,11.000000
916,8,10.980000
917,8,10.910000
918,8,10.950000
919,8,10.860000
920,8,10.980000
921,8,10.930000
922,8,11.000000
923,8,10.900000
924,8,11.030000
925,8,10.940000
926,8,10.980000
927,8,10.900000
928,8,10.870000
929,8,10.900000
930,8,10.960000
931,8,11.030000
932,8,10.930000
933,8,11.020000
934,8,10.870000
935,8,11.010000
936,8,10.860000
937,8,10.910000
938,8,11.010000
939,8,11.100000
940,8,10.950000
941,8,11.110000
942,8,10.800000
943,8,11.080000
944,8,11.090000
945,8,10.880000
946,8,10.960000
947,8,11.110000
948,8,10.960000
949,8,10.990000
950,8,11.020000
951,8,10.920000
952,8,10.910000
953,8,10.970000
954,8,10.850000
955,8,10.900000
956,8,10.890000
957,8,10.910000
958,8,10.960000
959,8,10.890000
960,8,10.900000
961,8,10.950000
962,8,10.880000
963,8,11.090000
964,8,10.920000
965,8,10.930000
966,8,10.950000
967,8,10.990000
968,8,10.930000
969,8,10.960000
970,8,10.780000
971,8,11.000000
972,8,10.920000
973,8,11.000000
974,8,10.870000
975,8,10.920000
976,8,10.980000
977,8,10.870000
978,8,10.990000
979,8,10.970000
980,8,11.010000
981,8,10.890000
982,8,10.980000
983,8,10.890000
984,8,11.000000
985,8,10.950000
986,8,10.970000
987,8,11.020000
988,8,10.980000
989,8,11.010000
990,8,10.960000
991,8,10.930000
992,8,10.880000
993,8,10.850000
994,8,10.950000
995,8,11.020000
996,8,10.900000
997,8,10.990000
998,8,11.000000
999,8,10.880000
1000,8,11.040000
1001,8,10.860000
1002,8,11.020000
1003,8,10.940000
1004,8,11.000000
1005,8,11.040000
1006,8,10.890000
1007,8,10.890000
1008,8,11.020000
1009,8,10.900000
1010,8,10.820000
1011,8,10.890000
1012,8,10.970000
1013,8,10.900000
1014,8,10.910000
1015,8,10.920000
1016,8,10.850000
1017,8,10.890000
1018,8,11.000000
1019,8,10.960000
1020,8,10.810000
1021,8,10.900000
1022,8,10.940000
1023,8,10.910000
1024,8,10.930000
1025,8,11.020000
1026,8,10.950000
1027,8,10.920000
1028,8,10.910000
1029,8,11.040000
1030,8,10.900000
1031,8,10.940000
1032,8,11.030000
1033,8,10.840000
1034,8,11.020000
1035,8,11.080000
1036,8,10.940000
1037,8,11.020000
1038,8,10.870000
1039,8,10.840000
1040,8,10.970000
1041,8,10.970000
1042,8,10.820000
1043,8,10.890000
1044,8,10.930000
1045,8,10.870000
1046,8,10.870000
1047,8,11.050000
1048,8,10.930000
1049,8,10.950000
1050,8,10.910000
1051,8,11.010000
1052,8,11.020000
1053,8,11.070000
1054,8,11.030000
1055,8,11.030000
1056,8,11.010000
1057,8,11.000000
1058,8,11.080000
1059,8,11.060000
1060,8,10.930000
1061,8,11.100000
1062,8,11.030000
1063,8,10.900000
1064,8,10.900000
1065,8,10.940000
1066,8,10.750000
1067,8,10.940000
1068,8,10.910000
1069,8,11.080000
1070,8,10.790000
1071,8,10.860000
1072,8,10.900000
1073,8,10.920000
1074,8,10.910000
1075,8,10.890000
1076,8,10.980000
1077,8,11.030000
1078,8,11.040000
1079,8,11.050000
1080,8,10.900000
1081,8,11.040000
1082,8,10.910000
1083,8,10.860000
1084,8,11.100000
1085,8,11.010000
1086,8,11.030000
1087,8,10.900000
1088,8,10.950000
1089,8,11.030000
1090,8,10.830000
1091,8,11.130000
1092,8,11.060000
1093,8,11.010000
1094,8,10.930000
1095,8,10.910000
1096,8,11.020000
1097,8,11.000000
1098,8,10.850000
1099,8,10.980000
1100,8,11.090000
1101,8,10.840000
1102,8,10.950000
1103,8,10.950000
1104,8,10.940000
1105,8,10.750000
1106,8,11.010000
1107,8,11.010000
1108,8,10.920000
1109,8,11.000000
1110,8,11.050000
1111,8,10.940000
1112,8,11.020000
1113,8,10.930000
1114,8,10.800000
1115,8,10.960000
1116,8,10.910000
1117,8,11.010000
1118,8,10.960000
1119,8,10.990000
1120,8,10.900000
1121,8,11.040000
1122,8,10.880000
1123,8,10.940000
1124,8,10.970000
1125,8,10.940000
1126,8,11.020000
1127,8,11.010000
1128,8,10.950000
1129,8,11.040000
1130,8,10.920000
1131,8,10.970000
1132,8,10.940000
1133,8,10.910000
1134,8,10.910000
1135,8,10.950000
1136,8,10.990000
1137,8,10.840000
1138,8,10.930000
1139,8,10.960000
1140,8,10.990000
1141,8,10.890000
1142,8,11.030000
1143,8,10.970000
1144,8,10.890000
1145,8,10.920000
1146,8,10.980000
1147,8,11.010000
1148,8,10.990000
1149,8,10.880000
1150,8,10.750000
1151,8,11.060000
1152,8,10.970000
1153,8,10.960000
1154,8,11.020000
1155,8,11.150000
1156,8,11.000000
1157,8,10.840000
1158,8,10.870000
1159,8,10.940000
1160,8,10.960000
1161,8,10.960000
1162,8,10.830000
1163,8,11.000000
1164,8,10.890000
1165,8,10.860000
1166,8,11.030000
1167,8,10.960000
1168,8,11.040000
1169,8,10.850000
1170,8,11.010000
1171,8,11.000000
1172,8,10.910000
1173,8,10.930000
1174,8,10.970000
1175,8,11.030000
1176,8,11.030000
1177,8,10.940000
1178,8,10.930000
1179,8,10.980000
1180,8,10.830000
1181,8,10.730000
1182,8,10.840000
1183,8,10.970000
1184,8,10.820000
1185,8,10.940000
1186,8,10.960000
1187,8,11.020000
1188,8,10.960000
1189,8,10.970000
1190,8,10.960000
1191,8,10.890000
1192,8,10.930000
1193,8,10.920000
1194,8,11.010000
1195,8,10.770000
1196,8,10.890000
1197,8,10.990000
1198,8,10.910000
1199,8,10.960000
1200,8,10.910000
1201,8,11.090000
1202,8,11.020000
1203,8,10.940000
1204,8,10.970000
1205,8,10.920000
1206,8,10.830000
1207,8,10.880000
1208,8,10.960000
1209,8,11.000000
1210,8,10.980000
1211,8,10.880000
1212,8,10.990000
1213,8,10.940000
1214,8,10.900000
1215,8,10.910000
1216,8,10.950000
1217,8,10.970000
1218,8,10.850000
1219,8,10.970000
1220,8,10.830000
1221,8,11.040000
1222,8,10.950000
1223,8,10.990000
1224,8,11.000000
1225,8,10.850000
1226,8,10.980000
1227,8,10.970000
1228,8,10.910000
1229,8,10.960000
1230,8,11.000000
1231,8,10.980000
1232,8,10.800000
1233,8,11.030000
1234,8,10.920000
1235,8,11.050000
1236,8,11.030000
1237,8,10.990000
1238,8,11.060000
1239,8,11.000000
1240,8,11.080000
1241,8,11.060000
1242,8,10.870000
1243,8,11.020000
1244,8,10.800000
1245,8,10.990000
1246,8,10.850000
1247,8,10.960000
1248,8,11.150000
1249,8,10.860000
1250,8,10.960000
1251,8,10.850000
1252,8,10.920000
1253,8,10.940000
1254,8,11.000000
1255,8,11.000000
1256,8,10.820000
1257,8,10.990000
1258,8,10.880000
1259,8,10.990000
1260,8,11.040000
1261,8,10.970000
1262,8,10.890000
1263,8,10.860000
1264,8,10.840000
1265,8,10.880000
1266,8,10.950000
1267,8,10.980000
1268,8,10.930000
1269,8,10.950000
1270,8,10.940000
1271,8,10.920000
1272,8,10.930000
1273,8,10.920000
1274,8,10.890000
1275,8,10.960000
1276,8,10.990000
1277,8,11.050000
1278,8,11.020000
1279,8,10.910000
1280,8,10.930000
1281,8,11.120000
1282,8,10.820000
1283,8,10.970000
1284,8,10.970000
1285,8,10.990000
1286,8,10.940000
1287,8,11.030000
1288,8,11.000000
1289,8,10.990000
1290,8,10.900000
1291,8,10.910000
1292,8,10.870000
1293,8,10.990000
1294,8,10.850000
1295,8,11.020000
1296,8,11.030000
1297,8,10.950000
1298,8,11.000000
1299,8,10.860000
1300,8,10.840000
1301,8,10.930000
1302,8,10.970000
1303,8,10.860000
1304,8,11.070000
1305,8,10.880000
1306,8,10.930000
1307,8,10.910000
1308,8,11.080000
1309,8,10.820000
1310,8,10.960000
1311,8,10.880000
1312,8,10.940000
1313,8,11.060000
1314,8,10.950000
1315,8,10.980000
1316,8,11.000000
1317,8,11.040000
1318,8,10.870000
1319,8,10.830000
1320,8,11.080000
1321,8,11.060000
1322,8,10.850000
1323,8,10.840000
1324,8,10.900000
1325,8,10.990000
1326,8,10.880000
1327,8,11.000000
1328,8,10.910000
1329,8,11.130000
1330,8,10.960000
1331,8,10.930000
1332,8,10.860000
1333,8,10.860000
1334,8,10.950000
1335,8,10.980000
1336,8,10.850000
1337,8,10.980000
1338,8,11.090000
1339,8,10.950000
1340,8,11.000000
1341,8,10.970000
1342,8,10.940000
1343,8,10.990000
1344,8,10.950000
1345,8,10.980000
1346,8,10.980000
1347,8,10.960000
1348,8,10.850000
1349,8,10.990000
1350,8,10.850000
1351,8,10.850000
1352,8,10.850000
1353,8,11.010000
1354,8,11.010000
1355,8,10.850000
1356,8,10.930000
1357,8,10.990000
1358,8,10.830000
1359,8,11.000000
1360,8,10.860000
1361,8,11.010000
1362,8,10.930000
1363,8,10.970000
1364,8,10.910000
1365,8,10.920000
1366,8,10.990000
1367,8,10.960000
1368,8,11.030000
1369,8,10.920000
1370,8,10.970000
1371,8,10.940000
1372,8,10.970000
1373,8,10.920000
1374,8,10.910000
1375,8,10.890000
1376,8,11.070000
1377,8,10.920000
1378,8,10.850000
1379,8,10.880000
1380,8,11.020000
1381,8,10.920000
1382,8,11.000000
1383,8,10.870000
1384,8,10.910000
1385,8,10.960000
1386,8,11.060000
1387,8,10.880000
1388,8,11.030000
1389,8,10.920000
1390,8,11.010000
1391,8,10.890000
1392,8,11.060000
1393,8,10.990000
1394,8,10.910000
1395,8,10.880000
1396,8,11.020000
1397,8,10.890000
1398,8,10.920000
1399,8,10.890000
1400,8,10.950000
1401,8,11.030000
1402,8,10.980000
1403,8,10.760000
1404,8,10.970000
1405,8,10.880000
1406,8,10.980000
1407,8,10.930000
1408,8,10.930000
1409,8,10.920000
1410,8,10.900000
1411,8,11.060000
1412,8,10.920000
1413,8,10.930000
1414,8,10.820000
1415,8,10.940000
1416,8,10.850000
1417,8,10.980000
1418,8,11.060000
1419,8,11.060000
1420,8,10.850000
1421,8,11.010000
1422,8,11.020000
1423,8,10.920000
1424,8,10.950000
1425,8,10.900000
1426,8,10.930000
1427,8,10.950000
1428,8,11.030000
1429,8,10.900000
1430,8,10.910000
1431,8,10.890000
1432,8,10.970000
1433,8,10.960000
1434,8,10.900000
1435,8,10.870000
1436,8,10.930000
1437,8,10.940000
1438,8,11.090000
1439,8,10.940000
1440,8,10.920000
1441,8,10.920000
1442,8,10.980000
1443,8,10.970000
1444,8,11.030000
1445,8,10.990000
1446,8,11.000000
1447,8,11.100000
1448,8,10.860000
1449,8,10.880000
1450,8,10.930000
1451,8,10.900000
1452,8,10.980000
1453,8,10.960000
1454,8,10.980000
1455,8,11.020000
1456,8,10.930000
1457,8,10.930000
1458,8,10.950000
1459,8,10.970000
1460,8,11.060000
1461,8,11.000000
1462,8,11.030000
1463,8,10.970000
1464,8,10.900000
1465,8,11.020000
1466,8,10.960000
1467,8,10.930000
1468,8,10.970000
1469,8,10.920000
1470,8,10.900000
1471,8,10.910000
1472,8,10.840000
1473,8,11.030000
1474,8,11.210000
1475,8,10.920000
1476,8,10.950000
1477,8,11.030000
1478,8,10.890000
1479,8,10.980000
1480,8,11.050000
1481,8,10.920000
1482,8,10.950000
1483,8,11.030000
1484,8,10.880000
1485,8,11.070000
1486,8,10.910000
1487,8,11.010000
1488,8,11.020000
1489,8,11.040000
1490,8,11.010000
1491,8,10.900000
1492,8,10.980000
1493,8,10.950000
1494,8,10.920000
1495,8,10.880000
1496,8,10.880000
1497,8,11.070000
1498,8,11.050000
1499,8,10.830000
1500,8,11.000000
1501,8,11.020000
1502,8,11.060000
1503,8,10.990000
1504,8,11.010000
1505,8,11.020000
1506,8,11.010000
1507,8,10.930000
1508,8,10.900000
1509,8,11.000000
1510,8,10.940000
1511,8,10.970000
1512,8,11.010000
1513,8,10.890000
1514,8,11.040000
1515,8,10.910000
1516,8,11.000000
1517,8,10.900000
1518,8,11.040000
1519,8,10.940000
1520,8,10.930000
1521,8,11.020000
1522,8,10.920000
1523,8,10.940000
1524,8,10.920000
1525,8,10.890000
1526,8,11.140000
1527,8,11.010000
1528,8,10.930000
1529,8,11.020000
1530,8,10.870000
1531,8,11.070000
1532,8,11.060000
1533,8,10.990000
1534,8,11.000000
1535,8,11.060000
1536,8,10.970000
1537,8,10.990000
1538,8,11.020000
1539,8,10.980000
1540,8,11.010000
1541,8,10.950000
1542,8,10.940000
1543,8,11.020000
1544,8,11.080000
1545,8,10.930000
1546,8,11.050000
1547,8,10.930000
1548,8,11.030000
1549,8,10.940000
1550,8,11.010000
1551,8,11.030000
1552,8,10.960000
1553,8,11.020000
1554,8,10.920000
1555,8,10.880000
1556,8,11.010000
1557,8,10.900000
1558,8,11.030000
1559,8,10.970000
1560,8,10.910000
1561,8,11.120000
1562,8,10.930000
1563,8,10.910000
1564,8,10.880000
1565,8,10.930000
1566,8,10.910000
1567,8,10.840000
1568,8,10.940000
1569,8,11.070000
1570,8,11.000000
1571,8,10.980000
1572,8,10.880000
1573,8,10.990000
1574,8,10.850000
1575,8,11.070000
1576,8,11.030000
1577,8,11.050000
1578,8,11.100000
1579,8,10.910000
1580,8,11.000000
1581,8,11.020000
1582,8,10.960000
1583,8,10.910000
1584,8,10.840000
1585,8,10.980000
1586,8,10.950000
1587,8,10.950000
1588,8,11.020000
1589,8,10.990000
1590,8,11.130000
1591,8,10.890000
1592,8,10.970000
1593,8,10.950000
1594,8,10.920000
1595,8,10.950000
1596,8,11.070000
1597,8,10.890000
1598,8,10.840000
1599,8,11.060000
1600,8,11.010000
1601,8,10.930000
1602,8,10.930000
1603,8,11.050000
1604,8,11.020000
1605,8,11.000000
1606,8,10.980000
1607,8,10.860000
1608,8,10.900000
1609,8,11.070000
1610,8,10.920000
1611,8,11.100000
1612,8,10.900000
1613,8,11.000000
1614,8,10.810000
1615,8,10.910000
1616,8,11.060000
1617,8,11.020000
1618,8,11.080000
1619,8,10.930000
1620,8,11.040000
1621,8,10.960000
1622,8,11.070000
1623,8,10.910000
1624,8,10.930000
1625,8,10.950000
1626,8,10.970000
1627,8,10.890000
1628,8,11.000000
1629,8,10.940000
1630,8,11.110000
1631,8,11.060000
1632,8,10.980000
1633,8,10.980000
1634,8,11.050000
1635,8,11.020000
1636,8,10.970000
1637,8,10.710000
1638,8,11.000000
1639,8,11.050000
1640,8,10.870000
1641,8,11.040000
1642,8,11.120000
1643,8,10.930000
1644,8,10.900000
1645,8,10.970000
1646,8,11.060000
1647,8,11.110000
1648,8,10.980000
1649,8,11.080000
1650,8,10.980000
1651,8,10.910000
1652,8,11.020000
1653,8,10.990000
1654,8,10.910000
1655,8,11.030000
1656,8,10.970000
1657,8,11.020000
1658,8,11.020000
1659,8,11.050000
1660,8,10.880000
1661,8,10.980000
1662,8,10.970000
1663,8,10.860000
1664,8,10.900000
1665,8,11.020000
1666,8,11.020000
1667,8,10.990000
1668,8,10.970000
1669,8,11.050000
1670,8,10.940000
1671,8,10.970000
1672,8,10.950000
1673,8,10.920000
1674,8,10.940000
1675,8,11.030000
1676,8,11.030000
1677,8,10.980000
1678,8,11.120000
1679,8,11.090000
1680,8,10.900000
1681,8,10.990000
1682,8,11.100000
1683,8,10.900000
1684,8,10.920000
1685,8,10.890000
1686,8,10.940000
1687,8,10.980000
1688,8,11.020000
1689,8,10.970000
1690,8,10.910000
1691,8,11.040000
1692,8,11.030000
1693,8,11.030000
1694,8,11.040000
1695,8,10.890000
1696,8,11.040000
1697,8,10.990000
1698,8,10.860000
1699,8,11.070000
1700,8,10.990000
1701,8,11.050000
1702,8,11.070000
1703,8,10.950000
1704,8,10.970000
1705,8,10.990000
1706,8,11.000000
1707,8,10.920000
1708,8,11.000000
1709,8,10.910000
1710,8,10.980000
1711,8,11.030000
1712,8,11.080000
1713,8,11.120000
1714,8,10.900000
1715,8,10.940000
1716,8,11.180000
1717,8,10.860000
1718,8,11.010000
1719,8,10.920000
1720,8,11.100000
1721,8,11.010000
1722,8,10.990000
1723,8,11.060000
1724,8,11.040000
1725,8,10.850000
1726,8,10.870000
1727,8,11.000000
1728,8,11.030000
1729,8,10.930000
1730,8,10.880000
1731,8,10.960000
1732,8,11.000000
1733,8,11.010000
1734,8,11.020000
1735,8,11.040000
1736,8,10.890000
1737,8,11.030000
1738,8,11.050000
1739,8,11.010000
1740,8,11.090000
1741,8,10.950000
1742,8,10.940000
1743,8,10.930000
1744,8,11.080000
1745,8,11.090000
1746,8,10.900000
1747,8,10.910000
1748,8,11.050000
1749,8,10.900000
1750,8,10.940000
1751,8,10.910000
1752,8,10.850000
1753,8,11.030000
1754,8,10.880000
1755,8,10.890000
1756,8,11.020000
1757,8,11.050000
1758,8,11.000000
1759,8,11.000000
1760,8,11.020000
1761,8,10.890000
1762,8,10.850000
1763,8,11.000000
1764,8,11.000000
1765,8,10.970000
1766,8,10.920000
1767,8,11.090000
1768,8,10.980000
1769,8,10.900000
1770,8,10.880000
1771,8,10.820000
1772,8,10.910000
1773,8,11.040000
1774,8,11.070000
1775,8,10.880000
1776,8,10.850000
1777,8,10.930000
1778,8,10.930000
1779,8,10.990000
1780,8,11.010000
1781,8,10.930000
1782,8,11.070000
1783,8,11.040000
1784,8,11.010000
1785,8,10.940000
1786,8,11.150000
1787,8,10.990000
1788,8,10.870000
1789,8,10.900000
1790,8,11.050000
1791,8,10.960000
1792,8,11.120000
1793,8,11.000000
1794,8,10.980000
1795,8,10.930000
1796,8,10.910000
1797,8,10.920000
1798,8,11.010000
1799,8,10.870000
1800,8,10.900000
1801,8,10.870000
1802,8,10.930000
1803,8,10.940000
1804,8,11.010000
1805,8,10.960000
1806,8,11.040000
1807,8,10.980000
1808,8,11.020000
1809,8,10.990000
1810,8,10.930000
1811,8,11.030000
1812,8,10.980000
1813,8,11.100000
1814,8,10.810000
1815,8,11.050000
1816,8,10.860000
1817,8,10.980000
1818,8,10.980000
1819,8,11.040000
1820,8,10.990000
1821,8,10.940000
1822,8,10.990000
1823,8,10.910000
1824,8,10.940000
1825,8,11.030000
1826,8,10.970000
1827,8,10.970000
1828,8,11.000000
1829,8,10.940000
1830,8,10.940000
1831,8,11.130000
1832,8,10.940000
1833,8,11.010000
1834,8,11.100000
1835,8,10.940000
1836,8,10.990000
1837,8,11.010000
1838,8,10.910000
1839,8,10.870000
1840,8,11.020000
1841,8,10.920000
1842,8,11.010000
1843,8,10.950000
1844,8,10.990000
1845,8,11.000000
1846,8,11.060000
1847,8,11.000000
1848,8,11.020000
1849,8,11.040000
1850,8,11.030000
1851,8,10.990000
1852,8,10.940000
1853,8,10.990000
1854,8,10.930000
1855,8,10.900000
1856,8,10.930000
1857,8,10.950000
1858,8,10.970000
1859,8,10.860000
1860,8,11.030000
1861,8,11.000000
1862,8,11.130000
1863,8,10.970000
1864,8,10.910000
1865,8,10.970000
1866,8,11.060000
1867,8,11.050000
1868,8,10.970000
1869,8,10.990000
1870,8,10.950000
1871,8,11.020000
1872,8,10.930000
1873,8,10.980000
1874,8,10.980000
1875,8,10.880000
1876,8,11.030000
1877,8,10.930000
1878,8,11.020000
1879,8,11.000000
1880,8,11.070000
1881,8,10.940000
1882,8,10.950000
1883,8,11.040000
1884,8,11.090000
1885,8,10.960000
1886,8,10.910000
1887,8,10.960000
1888,8,10.920000
1889,8,11.010000
1890,8,11.000000
1891,8,11.020000
1892,8,10.960000
1893,8,10.970000
1894,8,10.980000
1895,8,11.080000
1896,8,11.120000
1897,8,10.990000
1898,8,10.940000
1899,8,10.960000
1900,8,11.040000
1901,8,10.940000
1902,8,10.970000
1903,8,11.000000
1904,8,11.020000
1905,8,10.910000
1906,8,10.950000
1907,8,11.100000
1908,8,11.020000
1909,8,10.910000
1910,8,11.180000
1911,8,11.100000
1912,8,10.970000
1913,8,10.960000
1914,8,10.960000
1915,8,10.950000
1916,8,11.190000
1917,8,10.930000
1918,8,11.070000
1919,8,10.940000
1920,8,11.070000
1921,8,10.980000
1922,8,11.010000
1923,8,11.000000
1924,8,11.050000
1925,8,11.040000
1926,8,10.910000
1927,8,10.920000
1928,8,10.980000
1929,8,10.920000
1930,8,11.050000
1931,8,10.960000
1932,8,11.050000
1933,8,11.070000
1934,8,10.970000
1935,8,10.920000
1936,8,11.050000
1937,8,10.960000
1938,8,11.040000
1939,8,11.050000
1940,8,10.990000
1941,8,10.960000
1942,8,11.010000
1943,8,10.950000
1944,8,10.830000
1945,8,10.860000
1946,8,10.930000
1947,8,11.010000
1948,8,10.850000
1949,8,10.890000
1950,8,10.950000
1951,8,11.020000
1952,8,10.970000
1953,8,10.960000
1954,8,10.880000
1955,8,11.040000
1956,8,10.930000
1957,8,10.930000
1958,8,11.010000
1959,8,10.870000
1960,8,11.020000
1961,8,10.990000
1962,8,10.910000
1963,8,10.920000
1964,8,11.020000
1965,8,11.030000
1966,8,10.980000
1967,8,10.920000
1968,8,10.910000
1969,8,10.900000
1970,8,10.970000
1971,8,11.040000
1972,8,11.050000
1973,8,10.980000
1974,8,11.000000
1975,8,11.000000
1976,8,11.010000
1977,8,10.940000
1978,8,11.050000
1979,8,11.090000
1980,8,11.040000
1981,8,10.970000
1982,8,10.990000
1983,8,11.060000
1984,8,11.020000
1985,8,11.040000
1986,8,10.880000
1987,8,11.050000
1988,8,11.080000
1989,8,10.840000
1990,8,10.910000
1991,8,10.860000
1992,8,10.940000
1993,8,10.970000
1994,8,11.040000
1995,8,10.980000
1996,8,10.960000
1997,8,10.860000
1998,8,11.010000
1999,8,10.960000
2000,8,10.920000
2001,8,10.940000
2002,8,10.910000
2003,8,10.940000
2004,8,11.070000
2005,8,10.960000
2006,8,10.930000
2007,8,11.090000
2008,8,10.950000
2009,8,10.960000
2010,8,11.010000
2011,8,11.000000
2012,8,10.920000
2013,8,10.920000
2014,8,10.990000
2015,8,11.070000
2016,8,11.190000
2017,8,11.040000
2018,8,11.070000
2019,8,10.910000
2020,8,10.930000
2021,8,11.000000
2022,8,11.130000
2023,8,10.920000
2024,8,11.010000
2025,8,10.820000
2026,8,11.000000
2027,8,11.000000
2028,8,10.920000
2029,8,10.890000
2030,8,10.960000
2031,8,10.990000
2032,8,11.010000
2033,8,10.910000
2034,8,10.970000
2035,8,10.970000
2036,8,11.030000
2037,8,10.980000
2038,8,11.040000
2039,8,10.970000
2040,8,11.010000
2041,8,11.000000
2042,8,11.050000
2043,8,10.930000
2044,8,11.050000
2045,8,10.950000
2046,8,10.980000
2047,8,10.880000
2048,8,11.000000
2049,8,10.980000
2050,8,11.030000
2051,8,11.100000
2052,8,11.150000
2053,8,10.950000
2054,8,10.950000
2055,8,11.010000
2056,8,10.880000
2057,8,10.820000
2058,8,10.890000
2059,8,10.920000
2060,8,11.050000
2061,8,11.040000
2062,8,10.970000
2063,8,11.010000
2064,8,11.000000
2065,8,10.910000
2066,8,11.010000
2067,8,10.980000
2068,8,10.910000
2069,8,10.820000
2070,8,10.980000
2071,8,11.000000
2072,8,10.900000
2073,8,10.960000
2074,8,11.030000
2075,8,10.990000
2076,8,10.940000
2077,8,11.010000
2078,8,10.960000
2079,8,10.900000
2080,8,10.960000
2081,8,11.010000
2082,8,10.950000
2083,8,10.880000
2084,8,10.840000
2085,8,11.050000
2086,8,10.920000
2087,8,10.910000
2088,8,10.950000
2089,8,11.020000
2090,8,10.940000
2091,8,10.960000
2092,8,11.060000
2093,8,10.990000
2094,8,10.980000
2095,8,11.040000
2096,8,10.850000
2097,8,10.980000
2098,8,10.870000
2099,8,11.120000
2100,8,11.030000
2101,8,11.000000
2102,8,10.920000
2103,8,10.970000
2104,8,11.040000
2105,8,10.890000
2106,8,10.950000
2107,8,11.090000
2108,8,11.080000
2109,8,10.960000
2110,8,11.130000
2111,8,11.010000
2112,8,10.860000
2113,8,11.030000
2114,8,10.970000
2115,8,10.900000
2116,8,10.890000
2117,8,10.990000
2118,8,11.110000
2119,8,11.090000
2120,8,11.090000
2121,8,11.080000
2122,8,10.950000
2123,8,11.020000
2124,8,11.010000
2125,8,10.940000
2126,8,10.990000
2127,8,10.980000
2128,8,10.880000
2129,8,11.060000
2130,8,11.010000
2131,8,10.870000
2132,8,11.090000
2133,8,10.950000
2134,8,11.000000
2135,8,11.010000
2136,8,11.010000
2137,8,11.000000
2138,8,11.120000
2139,8,10.930000
2140,8,11.030000
2141,8,11.000000
2142,8,11.010000
2143,8,11.010000
2144,8,11.040000
2145,8,11.070000
2146,8,11.020000
2147,8,11.020000
2148,8,10.990000
2149,8,10.970000
2150,8,10.930000
2151,8,10.920000
2152,8,10.980000
2153,8,10.990000
2154,8,10.950000
2155,8,10.900000
2156,8,11.030000
2157,8,11.070000
2158,8,10.950000
2159,8,10.980000
2160,8,10.970000
2161,8,10.990000
2162,8,10.900000
2163,8,11.050000
2164,8,10.980000
2165,8,10.910000
2166,8,11.100000
2167,8,11.010000
2168,8,11.010000
2169,8,11.000000
2170,8,11.060000
2171,8,10.930000
2172,8,11.020000
2173,8,10.830000
2174,8,11.030000
2175,8,10.960000
2176,8,10.890000
2177,8,10.980000
2178,8,10.890000
2179,8,10.830000
2180,8,11.090000
2181,8,11.020000
2182,8,10.920000
2183,8,10.970000
2184,8,10.880000
2185,8,10.940000
2186,8,10.980000
2187,8,11.090000
2188,8,10.940000
2189,8,11.070000
2190,8,10.960000
2191,8,10.900000
2192,8,10.900000
2193,8,11.000000
2194,8,10.870000
2195,8,11.030000
2196,8,11.060000
2197,8,11.080000
2198,8,11.090000
2199,8,10.890000
2200,8,10.920000
2201,8,10.920000
2202,8,10.990000
2203,8,10.920000
2204,8,11.010000
2205,8,11.020000
2206,8,10.920000
2207,8,10.990000
2208,8,11.020000
2209,8,10.970000
2210,8,10.940000
2211,8,11.090000
2212,8,10.930000
2213,8,10.940000
2214,8,10.870000
2215,8,11.060000
2216,8,11.010000
2217,8,10.850000
2218,8,10.810000
2219,8,10.930000
2220,8,10.970000
2221,8,11.000000
2222,8,10.840000
2223,8,11.000000
2224,8,11.140000
2225,8,10.990000
2226,8,10.930000
2227,8,11.020000
2228,8,11.130000
2229,8,10.970000
2230,8,10.930000
2231,8,10.890000
2232,8,10.970000
2233,8,11.020000
2234,8,10.950000
2235,8,10.960000
2236,8,10.980000
2237,8,11.030000
2238,8,11.030000
2239,8,11.010000
2240,8,11.010000
2241,8,10.840000
2242,8,11.020000
2243,8,11.140000
2244,8,10.950000
2245,8,10.920000
2246,8,10.990000
2247,8,11.010000
2248,8,10.960000
2249,8,10.940000
2250,8,11.040000
2251,8,10.970000
2252,8,11.000000
2253,8,11.080000
2254,8,10.960000
2255,8,11.030000
2256,8,11.070000
2257,8,11.050000
2258,8,10.910000
2259,8,11.050000
2260,8,10.840000
2261,8,10.990000
2262,8,10.960000
2263,8,10.940000
2264,8,11.020000
2265,8,10.930000
2266,8,10.860000
2267,8,10.950000
2268,8,11.040000
2269,8,10.900000
2270,8,10.960000
2271,8,10.970000
2272,8,10.950000
2273,8,10.960000
2274,8,11.020000
2275,8,10.940000
2276,8,11.040000
2277,8,10.890000
2278,8,11.020000
2279,8,10.960000
2280,8,11.020000
2281,8,11.110000
2282,8,10.930000
2283,8,11.120000
2284,8,10.960000
2285,8,11.070000
2286,8,10.850000
2287,8,11.040000
2288,8,11.010000
2289,8,10.960000
2290,8,11.060000
2291,8,11.060000
2292,8,10.960000
2293,8,11.140000
2294,8,10.940000
2295,8,10.950000
2296,8,11.030000
2297,8,10.960000
2298,8,10.910000
2299,8,10.990000
2300,8,10.960000
2301,8,11.040000
2302,8,10.920000
2303,8,11.060000
2304,8,10.990000
2305,8,11.140000
2306,8,10.970000
2307,8,11.100000
2308,8,11.020000
2309,8,10.940000
2310,8,10.910000
2311,8,10.950000
2312,8,10.980000
2313,8,11.020000
2314,8,10.870000
2315,8,10.940000
2316,8,10.870000
2317,8,10.920000
2318,8,10.950000
2319,8,11.010000
2320,8,11.090000
2321,8,10.990000
2322,8,10.910000
2323,8,10.930000
2324,8,10.900000
2325,8,10.890000
2326,8,11.020000
2327,8,10.970000
2328,8,10.970000
2329,8,10.940000
2330,8,11.010000
2331,8,11.060000
2332,8,11.020000
2333,8,11.000000
2334,8,11.090000
2335,8,10.880000
2336,8,11.070000
2337,8,11.110000
2338,8,10.920000
2339,8,11.100000
2340,8,10.810000
2341,8,10.990000
2342,8,11.010000
2343,8,10.960000
2344,8,10.820000
2345,8,10.970000
2346,8,10.870000
2347,8,11.050000
2348,8,10.990000
2349,8,11.040000
2350,8,11.000000
2351,8,10.910000
2352,8,10.940000
2353,8,11.100000
2354,8,11.020000
2355,8,11.030000
2356,8,11.060000
2357,8,11.030000
2358,8,11.120000
2359,8,10.940000
2360,8,10.970000
2361,8,10.990000
2362,8,10.880000
2363,8,10.870000
2364,8,10.930000
2365,8,10.880000
2366,8,10.970000
2367,8,11.040000
2368,8,10.950000
2369,8,10.950000
2370,8,11.020000
2371,8,10.830000
2372,8,10.930000
2373,8,10.810000
2374,8,11.000000
2375,8,10.920000
2376,8,10.980000
2377,8,11.120000
2378,8,10.990000
2379,8,11.080000
2380,8,11.080000
2381,8,11.000000
2382,8,11.030000
2383,8,11.130000
2384,8,11.070000
2385,8,10.910000
2386,8,11.040000
2387,8,11.100000
2388,8,10.850000
2389,8,10.940000
2390,8,11.030000
2391,8,10.920000
2392,8,11.070000
2393,8,10.890000
2394,8,10.900000
2395,8,11.160000
2396,8,10.950000
2397,8,11.050000
2398,8,10.910000
2399,8,10.890000
2400,8,11.070000
2401,8,10.920000
2402,8,10.940000
2403,8,10.930000
2404,8,11.040000
2405,8,10.870000
2406,8,11.040000
2407,8,10.890000
2408,8,10.990000
2409,8,10.880000
2410,8,10.990000
2411,8,10.940000
2412,8,11.050000
2413,8,11.040000
2414,8,10.910000
2415,8,11.100000
2416,8,10.910000
2417,8,11.000000
2418,8,11.080000
2419,8,11.010000
2420,8,11.030000
2421,8,10.840000
2422,8,10.900000
2423,8,10.990000
2424,8,11.010000
2425,8,11.100000
2426,8,11.050000
2427,8,10.990000
2428,8,10.880000
2429,8,10.900000
2430,8,11.040000
2431,8,10.960000
2432,8,11.000000
2433,8,10.990000
2434,8,11.020000
2435,8,11.030000
2436,8,11.070000
2437,8,10.910000
2438,8,11.000000
2439,8,10.890000
2440,8,10.990000
2441,8,11.010000
2442,8,11.130000
2443,8,11.140000
2444,8,10.900000
2445,8,10.840000
2446,8,10.910000
2447,8,10.890000
2448,8,10.940000
2449,8,11.040000
2450,8,11.060000
2451,8,11.080000
2452,8,10.950000
2453,8,10.890000
2454,8,10.840000
2455,8,11.000000
2456,8,10.900000
2457,8,10.960000
2458,8,10.980000
2459,8,11.010000
2460,8,10.930000
2461,8,10.870000
2462,8,10.890000
2463,8,11.000000
2464,8,11.020000
2465,8,11.000000
2466,8,10.980000
2467,8,10.960000
2468,8,11.000000
2469,8,11.110000
2470,8,10.860000
2471,8,10.950000
2472,8,10.930000
2473,8,11.040000
2474,8,10.970000
2475,8,11.010000
2476,8,10.890000
2477,8,10.970000
2478,8,10.950000
2479,8,10.950000
2480,8,10.970000
2481,8,11.030000
2482,8,11.060000
2483,8,10.950000
2484,8,10.910000
2485,8,10.950000
2486,8,11.070000
2487,8,11.050000
2488,8,11.000000
2489,8,10.950000
2490,8,11.030000
2491,8,10.900000
2492,8,11.040000
2493,8,11.040000
2494,8,11.040000
2495,8,10.920000
2496,8,11.090000
2497,8,11.010000
2498,8,10.900000
2499,8,11.040000
2500,8,11.020000
2501,8,10.970000
2502,8,10.910000
2503,8,10.970000
2504,8,11.030000
2505,8,10.920000
2506,8,10.850000
2507,8,10.950000
2508,8,10.990000
2509,8,10.990000
2510,8,11.160000
2511,8,11.040000
2512,8,10.970000
2513,8,10.980000
2514,8,10.970000
2515,8,10.900000
2516,8,10.910000
2517,8,10.930000
2518,8,10.920000
2519,8,10.880000
2520,8,10.960000
2521,8,10.930000
2522,8,11.100000
2523,8,11.040000
2524,8,10.940000
2525,8,10.850000
2526,8,11.000000
2527,8,11.100000
2528,8,11.010000
2529,8,11.040000
2530,8,10.950000
2531,8,10.960000
2532,8,11.060000
2533,8,10.910000
2534,8,10.840000
2535,8,10.950000
2536,8,10.920000
2537,8,10.870000
2538,8,11.160000
2539,8,10.960000
2540,8,10.990000
2541,8,10.920000
2542,8,10.980000
2543,8,10.980000
2544,8,11.000000
2545,8,10.990000
2546,8,11.010000
2547,8,11.000000
2548,8,10.940000
2549,8,10.880000
2550,8,11.050000
2551,8,10.880000
2552,8,11.030000
2553,8,11.010000
2554,8,11.040000
2555,8,10.980000
2556,8,11.060000
2557,8,10.910000
2558,8,11.010000
2559,8,10.890000
2560,8,10.940000
2561,8,10.910000
2562,8,10.940000
2563,8,10.930000
2564,8,11.000000
2565,8,11.100000
2566,8,11.030000
2567,8,10.980000
2568,8,10.960000
2569,8,10.920000
2570,8,10.910000
2571,8,11.130000
2572,8,11.010000
2573,8,10.890000
2574,8,11.000000
2575,8,11.010000
2576,8,11.000000
2577,8,10.960000
2578,8,10.860000
2579,8,11.010000
2580,8,10.960000
2581,8,10.940000
2582,8,11.060000
2583,8,10.990000
2584,8,10.970000
2585,8,11.010000
2586,8,10.950000
2587,8,10.810000
2588,8,10.950000
2589,8,11.050000
2590,8,10.850000
2591,8,11.020000
2592,8,11.120000
2593,8,10.980000
2594,8,10.950000
2595,8,10.970000
2596,8,10.960000
2597,8,10.870000
2598,8,11.030000
2599,8,10.910000
2600,8,10.960000
2601,8,10.870000
2602,8,11.030000
2603,8,10.890000
2604,8,11.000000
2605,8,11.070000
2606,8,10.920000
2607,8,11.050000
2608,8,10.950000
2609,8,10.970000
2610,8,10.810000
2611,8,11.010000
2612,8,11.050000
2613,8,10.960000
2614,8,10.920000
2615,8,10.990000
2616,8,11.060000
2617,8,11.020000
2618,8,11.060000
2619,8,10.870000
2620,8,10.940000
2621,8,10.990000
2622,8,11.050000
2623,8,11.020000
2624,8,11.040000
2625,8,10.970000
2626,8,11.050000
2627,8,10.960000
2628,8,11.030000
2629,8,11.110000
2630,8,10.950000
2631,8,11.090000
2632,8,11.070000
2633,8,11.010000
2634,8,11.040000
2635,8,10.990000
2636,8,11.080000
2637,8,11.050000
2638,8,11.120000
2639,8,10.900000
2640,8,10.890000
2641,8,10.920000
2642,8,10.970000
2643,8,10.970000
2644,8,10.880000
2645,8,10.980000
2646,8,11.010000
2647,8,10.980000
2648,8,10.980000
2649,8,11.020000
2650,8,10.910000
2651,8,11.000000
2652,8,11.040000
2653,8,10.970000
2654,8,11.160000
2655,8,10.930000
2656,8,11.080000
2657,8,10.850000
2658,8,10.960000
2659,8,10.970000
2660,8,11.000000
2661,8,11.050000
2662,8,10.990000
2663,8,10.930000
2664,8,10.940000
2665,8,10.970000
2666,8,11.040000
2667,8,10.980000
2668,8,10.870000
2669,8,10.940000
2670,8,10.860000
2671,8,10.960000
2672,8,11.020000
2673,8,11.040000
2674,8,10.900000
2675,8,10.990000
2676,8,11.130000
2677,8,10.930000
2678,8,10.840000
2679,8,11.030000
2680,8,10.930000
2681,8,11.150000
2682,8,10.940000
2683,8,11.010000
2684,8,11.000000
2685,8,10.900000
2686,8,10.950000
2687,8,10.970000
2688,8,11.040000
2689,8,11.100000
2690,8,10.960000
2691,8,10.950000
2692,8,10.920000
2693,8,10.960000
2694,8,11.000000
2695,8,11.080000
2696,8,10.990000
2697,8,11.000000
2698,8,11.010000
2699,8,10.950000
2700,8,10.830000
2701,8,11.000000
2702,8,10.980000
2703,8,11.020000
2704,8,10.930000
2705,8,10.920000
2706,8,11.020000
2707,8,10.990000
2708,8,11.080000
2709,8,10.900000
2710,8,11.000000
2711,8,10.960000
2712,8,10.990000
2713,8,11.000000
2714,8,10.970000
2715,8,10.970000
2716,8,10.990000
2717,8,10.930000
2718,8,10.990000
2719,8,10.970000
2720,8,10.990000
2721,8,10.940000
2722,8,10.950000
2723,8,11.000000
2724,8,11.000000
2725,8,11.000000
2726,8,10.940000
2727,8,10.860000
2728,8,10.960000
2729,8,11.070000
2730,8,10.920000
2731,8,10.930000
2732,8,11.010000
2733,8,11.150000
2734,8,10.960000
2735,8,10.870000
2736,8,10.940000
2737,8,10.980000
2738,8,11.040000
2739,8,10.930000
2740,8,11.060000
2741,8,11.010000
2742,8,10.960000
2743,8,11.030000
2744,8,10.890000
2745,8,10.930000
2746,8,10.990000
2747,8,10.970000
2748,8,10.890000
2749,8,11.110000
2750,8,10.940000
2751,8,11.060000
2752,8,10.940000
2753,8,10.920000
2754,8,11.090000
2755,8,10.990000
2756,8,11.080000
2757,8,10.970000
2758,8,11.040000
2759,8,10.900000
2760,8,10.950000
2761,8,10.900000
2762,8,10.910000
2763,8,10.920000
2764,8,10.910000
2765,8,11.030000
2766,8,11.110000
2767,8,10.890000
2768,8,11.040000
2769,8,10.990000
2770,8,10.900000
2771,8,11.030000
2772,8,10.990000
2773,8,11.060000
2774,8,11.100000
2775,8,10.900000
2776,8,11.000000
2777,8,11.040000
2778,8,11.070000
2779,8,11.110000
2780,8,11.040000
2781,8,10.970000
2782,8,10.850000
2783,8,10.980000
2784,8,10.970000
2785,8,10.850000
2786,8,11.010000
2787,8,10.920000
2788,8,11.000000
2789,8,10.930000
2790,8,10.970000
2791,8,11.170000
2792,8,10.960000
2793,8,10.870000
2794,8,10.880000
2795,8,11.030000
2796,8,10.930000
2797,8,10.970000
2798,8,10.900000
2799,8,11.060000
2800,8,10.950000
2801,8,11.000000
2802,8,11.030000
2803,8,10.940000
2804,8,10.890000
2805,8,10.890000
2806,8,10.900000
2807,8,11.060000
2808,8,10.910000
2809,8,10.970000
2810,8,10.960000
2811,8,11.090000
2812,8,11.120000
2813,8,11.060000
2814,8,10.970000
2815,8,10.960000
2816,8,11.020000
2817,8,11.030000
2818,8,11.140000
2819,8,11.110000
2820,8,11.010000
2821,8,10.920000
2822,8,10.990000
2823,8,11.070000
2824,8,11.010000
2825,8,10.990000
2826,8,11.040000
2827,8,11.030000
2828,8,11.070000
2829,8,11.060000
2830,8,11.110000
2831,8,10.960000
2832,8,11.030000
2833,8,10.890000
2834,8,11.030000
2835,8,10.950000
2836,8,11.030000
2837,8,10.980000
2838,8,10.980000
2839,8,11.030000
2840,8,10.920000
2841,8,10.980000
2842,8,11.070000
2843,8,10.990000
2844,8,10.990000
2845,8,11.000000
2846,8,10.910000
2847,8,10.980000
2848,8,11.000000
2849,8,10.990000
2850,8,10.840000
2851,8,11.020000
2852,8,10.920000
2853,8,10.940000
2854,8,11.050000
2855,8,10.980000
2856,8,10.930000
2857,8,11.050000
2858,8,11.060000
2859,8,10.930000
2860,8,10.920000
2861,8,11.070000
2862,8,11.090000
2863,8,11.020000
2864,8,10.950000
2865,8,10.920000
2866,8,10.890000
2867,8,11.030000
2868,8,11.040000
2869,8,10.880000
2870,8,10.960000
2871,8,11.010000
2872,8,10.950000
2873,8,11.000000
2874,8,10.980000
2875,8,11.120000
2876,8,10.860000
2877,8,11.070000
2878,8,11.000000
2879,8,11.030000
2880,8,10.890000
2881,8,11.070000
2882,8,11.000000
2883,8,10.930000
2884,8,10.930000
2885,8,10.920000
2886,8,11.140000
2887,8,10.920000
2888,8,11.020000
2889,8,10.900000
2890,8,11.050000
2891,8,11.030000
2892,8,10.930000
2893,8,11.010000
2894,8,10.890000
2895,8,11.060000
2896,8,10.910000
2897,8,11.000000
2898,8,11.030000
2899,8,10.840000
2900,8,11.090000
2901,8,10.990000
2902,8,10.950000
2903,8,11.000000
2904,8,10.990000
2905,8,10.940000
2906,8,11.040000
2907,8,10.950000
2908,8,11.020000
2909,8,11.020000
2910,8,10.950000
2911,8,11.020000
2912,8,10.960000
2913,8,11.000000
2914,8,10.870000
2915,8,10.940000
2916,8,10.990000
2917,8,10.910000
2918,8,10.970000
2919,8,10.940000
2920,8,10.910000
2921,8,10.990000
2922,8,10.970000
2923,8,11.040000
2924,8,10.850000
2925,8,11.090000
2926,8,10.980000
2927,8,10.960000
2928,8,10.900000
2929,8,11.010000
2930,8,10.910000
2931,8,10.940000
2932,8,11.120000
2933,8,10.970000
2934,8,10.970000
2935,8,11.030000
2936,8,11.030000
2937,8,10.950000
2938,8,10.950000
2939,8,10.970000
2940,8,10.910000
2941,8,10.960000
2942,8,10.930000
2943,8,11.020000
2944,8,11.010000
2945,8,10.910000
2946,8,10.880000
2947,8,11.040000
2948,8,10.990000
2949,8,11.070000
2950,8,10.920000
2951,8,10.950000
2952,8,11.020000
2953,8,10.970000
2954,8,11.080000
2955,8,10.920000
2956,8,10.960000
2957,8,10.890000
2958,8,11.030000
2959,8,10.800000
2960,8,10.790000
2961,8,10.850000
2962,8,11.140000
2963,8,11.110000
2964,8,10.860000
2965,8,10.990000
2966,8,11.000000
2967,8,10.960000
2968,8,10.910000
2969,8,10.790000
2970,8,11.050000
2971,8,10.890000
2972,8,11.010000
2973,8,10.910000
2974,8,11.000000
2975,8,11.090000
2976,8,10.990000
2977,8,10.960000
2978,8,10.790000
2979,8,11.070000
2980,8,11.080000
2981,8,11.000000
2982,8,10.960000
2983,8,11.020000
2984,8,11.050000
2985,8,10.940000
2986,8,10.990000
2987,8,10.880000
2988,8,11.000000
2989,8,10.850000
2990,8,10.960000
2991,8,11.030000
2992,8,11.010000
2993,8,11.010000
2994,8,10.970000
2995,8,10.950000
2996,8,10.930000
2997,8,10.990000
2998,8,10.920000
2999,8,10.980000
3000,8,11.170000
3001,8,10.960000
3002,8,10.870000
3003,8,10.900000
3004,8,11.010000
3005,8,10.960000
3006,8,10.940000
3007,8,10.980000
3008,8,10.950000
3009,8,10.990000
3010,8,10.950000
3011,8,10.990000
3012,8,10.890000
3013,8,10.960000
3014,8,10.870000
3015,8,11.140000
3016,8,10.920000
3017,8,11.090000
3018,8,11.000000
3019,8,11.010000
3020,8,11.000000
3021,8,10.990000
3022,8,11.050000
3023,8,10.880000
3024,8,11.000000
3025,8,10.970000
3026,8,10.990000
3027,8,10.970000
3028,8,10.930000
3029,8,11.040000
3030,8,10.980000
3031,8,11.020000
3032,8,11.000000
3033,8,10.870000
3034,8,11.020000
3035,8,10.960000
3036,8,11.050000
3037,8,10.960000
3038,8,11.000000
3039,8,10.990000
3040,8,11.080000
3041,8,11.020000
3042,8,10.940000
3043,8,11.040000
3044,8,10.930000
3045,8,10.910000
3046,8,11.170000
3047,8,11.020000
3048,8,11.010000
3049,8,11.010000
3050,8,11.090000
3051,8,11.000000
3052,8,10.950000
3053,8,11.020000
3054,8,10.990000
3055,8,11.020000
3056,8,10.920000
3057,8,10.900000
3058,8,10.890000
3059,8,11.100000
3060,8,10.960000
3061,8,10.930000
3062,8,10.990000
3063,8,11.020000
3064,8,10.950000
3065,8,11.070000
3066,8,10.870000
3067,8,10.970000
3068,8,11.110000
3069,8,11.020000
3070,8,10.980000
3071,8,10.910000
3072,8,10.970000
3073,8,10.980000
3074,8,10.960000
3075,8,11.100000
3076,8,10.970000
3077,8,11.040000
3078,8,11.060000
3079,8,10.850000
3080,8,11.060000
3081,8,10.940000
3082,8,11.070000
3083,8,11.030000
3084,8,11.030000
3085,8,10.940000
3086,8,11.030000
3087,8,11.050000
3088,8,10.990000
3089,8,11.030000
3090,8,10.850000
3091,8,10.930000
3092,8,10.900000
3093,8,11.010000
3094,8,11.080000
3095,8,11.050000
3096,8,10.990000
3097,8,10.950000
3098,8,10.920000
3099,8,11.040000
3100,8,10.870000
3101,8,10.960000
3102,8,10.940000
3103,8,11.010000
3104,8,10.950000
3105,8,11.060000
3106,8,10.930000
3107,8,11.090000
3108,8,10.940000
3109,8,11.060000
3110,8,11.030000
3111,8,11.000000
3112,8,10.900000
3113,8,10.830000
3114,8,10.940000
3115,8,10.970000
3116,8,10.900000
3117,8,10.930000
3118,8,10.970000
3119,8,11.000000
3120,8,11.040000
3121,8,10.860000
3122,8,11.070000
3123,8,11.010000
3124,8,10.800000
3125,8,10.910000
3126,8,11.090000
3127,8,10.900000
3128,8,10.930000
3129,8,11.000000
3130,8,10.890000
3131,8,11.030000
3132,8,10.980000
3133,8,10.740000
3134,8,10.910000
3135,8,10.920000
3136,8,10.990000
3137,8,10.950000
3138,8,10.940000
3139,8,11.020000
3140,8,11.090000
3141,8,10.910000
3142,8,10.880000
3143,8,10.870000
3144,8,11.000000
3145,8,10.980000
3146,8,10.890000
3147,8,10.960000
3148,8,11.080000
3149,8,11.040000
3150,8,10.890000
3151,8,10.910000
3152,8,11.030000
3153,8,10.940000
3154,8,11.020000
3155,8,11.050000
3156,8,11.050000
3157,8,10.900000
3158,8,11.060000
3159,8,10.950000
3160,8,11.090000
3161,8,11.010000
3162,8,10.880000
3163,8,10.940000
3164,8,10.990000
3165,8,11.010000
3166,8,10.910000
3167,8,10.840000
3168,8,10.970000
3169,8,10.900000
3170,8,10.980000
3171,8,10.890000
3172,8,10.890000
3173,8,11.110000
3174,8,10.880000
3175,8,11.120000
3176,8,10.970000
3177,8,10.990000
3178,8,11.050000
3179,8,11.090000
3180,8,11.050000
3181,8,11.000000
3182,8,10.930000
3183,8,11.010000
3184,8,10.860000
3185,8,10.850000
3186,8,11.020000
3187,8,10.940000
3188,8,11.070000
3189,8,10.950000
3190,8,10.920000
3191,8,10.910000
3192,8,10.980000
3193,8,11.050000
3194,8,10.980000
3195,8,10.980000
3196,8,10.960000
3197,8,11.000000
3198,8,10.970000
3199,8,10.900000
3200,8,10.950000
3201,8,11.010000
3202,8,11.110000
3203,8,10.900000
3204,8,10.960000
3205,8,11.050000
3206,8,10.950000
3207,8,10.960000
3208,8,11.000000
3209,8,11.000000
3210,8,11.110000
3211,8,10.930000
3212,8,11.010000
3213,8,11.020000
3214,8,10.880000
3215,8,10.970000
3216,8,11.040000
3217,8,10.930000
3218,8,11.040000
3219,8,10.890000
3220,8,11.060000
3221,8,10.930000
3222,8,11.010000
3223,8,10.900000
3224,8,11.100000
3225,8,11.060000
3226,8,11.100000
3227,8,11.050000
3228,8,11.000000
3229,8,11.010000
3230,8,10.940000
3231,8,10.900000
3232,8,10.960000
3233,8,11.010000
3234,8,11.070000
3235,8,11.070000
3236,8,10.960000
3237,8,11.100000
3238,8,11.020000
3239,8,10.900000
3240,8,10.880000
3241,8,11.010000
3242,8,10.830000
3243,8,11.080000
3244,8,10.950000
3245,8,10.890000
3246,8,11.010000
3247,8,10.950000
3248,8,11.040000
3249,8,11.000000
3250,8,10.870000
3251,8,11.020000
3252,8,11.010000
3253,8,11.060000
3254,8,10.930000
3255,8,10.920000
3256,8,11.020000
3257,8,11.000000
3258,8,11.010000
3259,8,10.950000
3260,8,10.980000
3261,8,11.040000
3262,8,10.920000
3263,8,11.030000
3264,8,10.990000
3265,8,10.960000
3266,8,11.030000
3267,8,10.930000
3268,8,11.000000
3269,8,11.120000
3270,8,10.890000
3271,8,10.930000
3272,8,11.060000
3273,8,10.960000
3274,8,10.900000
3275,8,11.090000
3276,8,10.930000
3277,8,11.080000
3278,8,11.010000
3279,8,10.960000
3280,8,10.890000
3281,8,10.890000
3282,8,11.040000
3283,8,10.890000
3284,8,10.960000
3285,8,10.860000
3286,8,11.060000
3287,8,11.000000
3288,8,10.980000
3289,8,10.910000
3290,8,10.980000
3291,8,11.010000
3292,8,11.030000
3293,8,10.970000
3294,8,10.900000
3295,8,10.960000
3296,8,11.050000
3297,8,11.010000
3298,8,11.120000
3299,8,10.860000
3300,8,10.960000
3301,8,10.740000
3302,8,10.880000
3303,8,10.940000
3304,8,10.920000
3305,8,11.100000
3306,8,10.980000
3307,8,10.930000
3308,8,10.950000
3309,8,10.870000
3310,8,10.920000
3311,8,11.020000
3312,8,11.000000
3313,8,11.000000
3314,8,11.020000
3315,8,11.090000
3316,8,10.950000
3317,8,11.050000
3318,8,10.980000
3319,8,10.860000
3320,8,10.980000
3321,8,11.070000
3322,8,10.800000
3323,8,10.930000
3324,8,10.900000
3325,8,10.880000
3326,8,11.150000
3327,8,10.890000
3328,8,10.850000
3329,8,11.000000
3330,8,10.930000
3331,8,10.890000
3332,8,10.930000
3333,8,11.030000
3334,8,10.910000
3335,8,11.010000
3336,8,10.970000
3337,8,10.960000
3338,8,11.070000
3339,8,11.000000
3340,8,11.030000
3341,8,11.000000
3342,8,11.010000
3343,8,10.930000
3344,8,11.040000
3345,8,10.860000
3346,8,11.030000
3347,8,11.020000
3348,8,11.000000
3349,8,11.000000
3350,8,11.030000
3351,8,11.030000
3352,8,11.060000
3353,8,11.020000
3354,8,11.140000
3355,8,10.920000
3356,8,10.970000
3357,8,11.070000
3358,8,10.960000
3359,8,11.040000
3360,8,10.870000
3361,8,11.000000
3362,8,10.930000
3363,8,10.960000
3364,8,11.050000
3365,8,10.840000
3366,8,10.950000
3367,8,11.090000
3368,8,11.030000
3369,8,11.070000
3370,8,10.930000
3371,8,11.020000
3372,8,11.030000
3373,8,10.990000
3374,8,10.960000
3375,8,11.130000
3376,8,11.020000
3377,8,10.990000
3378,8,10.950000
3379,8,10.930000
3380,8,10.950000
3381,8,10.990000
3382,8,11.000000
3383,8,10.960000
3384,8,11.000000
3385,8,10.890000
3386,8,10.980000
3387,8,10.970000
3388,8,11.120000
3389,8,11.000000
3390,8,10.960000
3391,8,10.980000
3392,8,10.930000
3393,8,11.140000
3394,8,10.910000
3395,8,11.070000
3396,8,11.090000
3397,8,11.020000
3398,8,10.900000
3399,8,10.900000
3400,8,10.880000
3401,8,11.030000
3402,8,10.870000
3403,8,10.950000
3404,8,10.960000
3405,8,10.970000
3406,8,10.970000
3407,8,10.950000
3408,8,10.930000
3409,8,10.990000
3410,8,11.080000
3411,8,10.890000
3412,8,10.920000
3413,8,10.980000
3414,8,10.910000
3415,8,10.910000
3416,8,10.860000
3417,8,10.910000
3418,8,11.050000
3419,8,11.100000
3420,8,10.930000
3421,8,10.870000
3422,8,10.990000
3423,8,10.930000
3424,8,10.940000
3425,8,10.800000
3426,8,11.080000
3427,8,10.840000
3428,8,11.040000
3429,8,10.780000
3430,8,10.930000
3431,8,10.920000
3432,8,11.070000
3433,8,10.930000
3434,8,10.980000
3435,8,10.940000
3436,8,11.060000
3437,8,10.970000
3438,8,10.950000
3439,8,10.830000
3440,8,10.930000
3441,8,11.000000
3442,8,11.110000
3443,8,10.970000
3444,8,11.040000
3445,8,11.050000
3446,8,10.930000
3447,8,11.010000
3448,8,11.020000
3449,8,11.040000
3450,8,11.090000
3451,8,11.110000
3452,8,10.970000
3453,8,10.980000
3454,8,11.020000
3455,8,10.990000
3456,8,10.910000
3457,8,11.000000
3458,8,11.040000
3459,8,11.020000
3460,8,10.900000
3461,8,10.880000
3462,8,11.070000
3463,8,11.000000
3464,8,11.080000
3465,8,10.870000
3466,8,11.010000
3467,8,11.000000
3468,8,11.070000
3469,8,11.020000
3470,8,11.030000
3471,8,10.940000
3472,8,11.030000
3473,8,10.970000
3474,8,10.940000
3475,8,10.870000
3476,8,10.980000
3477,8,11.050000
3478,8,10.920000
3479,8,11.050000
3480,8,11.050000
3481,8,11.060000
3482,8,10.980000
3483,8,10.900000
3484,8,11.010000
3485,8,11.030000
3486,8,10.900000
3487,8,11.020000
3488,8,10.940000
3489,8,11.050000
3490,8,10.980000
3491,8,10.930000
3492,8,11.060000
3493,8,10.930000
3494,8,11.080000
3495,8,11.010000
3496,8,10.980000
3497,8,10.960000
3498,8,10.940000
3499,8,11.000000
3500,8,10.960000
3501,8,10.810000
3502,8,10.950000
3503,8,10.910000
3504,8,11.080000
3505,8,10.960000
3506,8,10.970000
3507,8,11.080000
3508,8,10.900000
3509,8,10.980000
3510,8,11.020000
3511,8,10.920000
3512,8,11.100000
3513,8,11.140000
3514,8,11.050000
3515,8,10.970000
3516,8,11.010000
3517,8,11.100000
3518,8,11.120000
3519,8,11.070000
3520,8,10.940000
3521,8,11.020000
3522,8,11.070000
3523,8,11.140000
3524,8,11.010000
3525,8,11.000000
3526,8,10.920000
3527,8,11.030000
3528,8,11.050000
3529,8,10.920000
3530,8,10.980000
3531,8,10.890000
3532,8,11.010000
3533,8,10.910000
3534,8,11.040000
3535,8,10.970000
3536,8,10.880000
3537,8,11.100000
3538,8,10.880000
3539,8,11.000000
3540,8,11.020000
3541,8,10.900000
3542,8,11.010000
3543,8,10.900000
3544,8,10.960000
3545,8,10.880000
3546,8,11.070000
3547,8,10.910000
3548,8,11.010000
3549,8,10.980000
3550,8,11.080000
3551,8,10.960000
3552,8,11.010000
3553,8,11.030000
3554,8,11.000000
3555,8,11.010000
3556,8,10.930000
3557,8,11.050000
3558,8,11.020000
3559,8,11.010000
3560,8,11.000000
3561,8,11.050000
3562,8,11.160000
3563,8,11.060000
3564,8,11.010000
3565,8,10.780000
3566,8,10.990000
3567,8,11.030000
3568,8,10.950000
3569,8,10.970000
3570,8,11.070000
3571,8,10.910000
3572,8,11.090000
3573,8,10.960000
3574,8,10.790000
3575,8,10.920000
3576,8,10.970000
3577,8,10.970000
3578,8,10.880000
3579,8,10.980000
3580,8,10.950000
3581,8,11.060000
3582,8,10.960000
3583,8,10.900000
3584,8,10.860000
3585,8,10.860000
3586,8,10.950000
3587,8,10.970000
3588,8,10.960000
3589,8,10.920000
3590,8,11.010000
3591,8,10.920000
3592,8,11.010000
3593,8,11.010000
3594,8,11.050000
3595,8,11.000000
3596,8,11.100000
3597,8,11.050000
3598,8,10.970000
3599,8,10.910000
3600,8,11.050000
3601,8,11.030000
3602,8,11.060000
3603,8,10.980000
3604,8,11.000000
3605,8,10.920000
3606,8,10.960000
3607,8,11.000000
3608,8,10.840000
3609,8,11.090000
3610,8,11.000000
3611,8,11.020000
3612,8,11.020000
3613,8,11.040000
3614,8,11.030000
3615,8,10.940000
3616,8,11.010000
3617,8,11.000000
3618,8,11.000000
3619,8,10.970000
3620,8,10.860000
3621,8,10.890000
3622,8,10.990000
3623,8,11.140000
3624,8,11.040000
3625,8,11.170000
3626,8,10.950000
3627,8,10.980000
3628,8,11.020000
3629,8,10.940000
3630,8,11.050000
3631,8,11.020000
3632,8,10.860000
3633,8,10.980000
3634,8,10.910000
3635,8,10.940000
3636,8,10.920000
3637,8,11.010000
3638,8,11.000000
3639,8,11.030000
3640,8,11.020000
3641,8,10.980000
3642,8,11.090000
3643,8,10.980000
3644,8,11.190000
3645,8,11.110000
3646,8,10.940000
3647,8,10.960000
3648,8,10.980000
3649,8,11.010000
3650,8,10.980000
3651,8,10.920000
3652,8,11.090000
3653,8,11.030000
3654,8,11.050000
3655,8,10.990000
3656,8,10.950000
3657,8,10.920000
3658,8,10.950000
3659,8,10.930000
3660,8,10.890000
3661,8,11.020000
3662,8,11.080000
3663,8,11.000000
3664,8,10.970000
3665,8,10.970000
3666,8,10.900000
3667,8,10.920000
3668,8,10.980000
3669,8,11.020000
3670,8,11.020000
3671,8,11.060000
3672,8,11.070000
3673,8,10.960000
3674,8,11.060000
3675,8,10.920000
3676,8,10.940000
3677,8,11.040000
3678,8,10.940000
3679,8,10.960000
3680,8,11.060000
3681,8,10.960000
3682,8,11.070000
3683,8,10.970000
3684,8,11.120000
3685,8,10.980000
3686,8,10.930000
3687,8,11.020000
3688,8,10.910000
3689,8,11.020000
3690,8,11.090000
3691,8,10.890000
3692,8,10.900000
3693,8,11.040000
3694,8,11.000000
3695,8,11.070000
3696,8,10.810000
3697,8,11.040000
3698,8,11.120000
3699,8,11.000000
3700,8,10.980000
3701,8,11.070000
3702,8,11.000000
3703,8,11.070000
3704,8,11.080000
3705,8,10.950000
3706,8,11.070000
3707,8,10.980000
3708,8,10.960000
3709,8,10.940000
3710,8,11.020000
3711,8,11.040000
3712,8,10.920000
3713,8,10.880000
3714,8,11.030000
3715,8,11.120000
3716,8,11.040000
3717,8,11.050000
3718,8,10.960000
3719,8,10.950000
3720,8,11.050000
3721,8,11.000000
3722,8,10.870000
3723,8,11.080000
3724,8,10.980000
3725,8,10.890000
3726,8,11.040000
3727,8,11.030000
3728,8,11.020000
3729,8,10.980000
3730,8,11.000000
3731,8,11.010000
3732,8,10.910000
3733,8,11.010000
3734,8,11.100000
3735,8,10.970000
3736,8,10.930000
3737,8,10.990000
3738,8,11.050000
3739,8,11.050000
3740,8,11.020000
3741,8,10.960000
3742,8,11.050000
3743,8,10.950000
3744,8,10.950000
3745,8,10.950000
3746,8,10.880000
3747,8,11.020000
3748,8,11.000000
3749,8,11.060000
3750,8,10.930000
3751,8,10.920000
3752,8,10.970000
3753,8,10.980000
3754,8,11.090000
3755,8,10.990000
3756,8,10.900000
3757,8,10.960000
3758,8,10.980000
3759,8,10.980000
3760,8,10.900000
3761,8,11.080000
3762,8,10.800000
3763,8,11.030000
3764,8,11.060000
3765,8,11.000000
3766,8,11.160000
3767,8,10.900000
3768,8,10.980000
3769,8,11.010000
3770,8,11.040000
3771,8,10.980000
3772,8,11.010000
3773,8,10.970000
3774,8,11.100000
3775,8,11.020000
3776,8,10.990000
3777,8,10.920000
3778,8,10.990000
3779,8,11.150000
3780,8,11.070000
3781,8,10.980000
3782,8,10.920000
3783,8,10.930000
3784,8,10.960000
3785,8,11.040000
3786,8,11.030000
3787,8,11.030000
3788,8,11.030000
3789,8,10.930000
3790,8,11.010000
3791,8,10.890000
3792,8,11.030000
3793,8,10.980000
3794,8,11.050000
3795,8,10.930000
3796,8,11.070000
3797,8,10.940000
3798,8,10.970000
3799,8,11.040000
3800,8,11.020000
3801,8,10.880000
3802,8,10.880000
3803,8,11.030000
3804,8,10.990000
3805,8,11.030000
3806,8,11.030000
3807,8,10.880000
3808,8,10.990000
3809,8,10.960000
3810,8,10.980000
3811,8,10.830000
3812,8,10.990000
3813,8,11.040000
3814,8,10.960000
3815,8,10.930000
3816,8,11.080000
3817,8,10.900000
3818,8,10.980000
3819,8,10.920000
3820,8,10.960000
3821,8,11.100000
3822,8,11.000000
3823,8,11.060000
3824,8,11.030000
3825,8,10.910000
3826,8,11.010000
3827,8,11.010000
3828,8,11.040000
3829,8,10.930000
3830,8,10.880000
3831,8,11.050000
3832,8,11.040000
3833,8,10.870000
3834,8,11.000000
3835,8,10.980000
3836,8,11.020000
3837,8,11.010000
3838,8,11.020000
3839,8,11.060000
3840,8,11.020000
3841,8,10.920000
3842,8,10.850000
3843,8,11.020000
3844,8,11.000000
3845,8,11.000000
3846,8,11.080000
3847,8,10.870000
3848,8,11.000000
3849,8,10.920000
3850,8,11.040000
3851,8,11.010000
3852,8,10.910000
3853,8,11.030000
3854,8,11.040000
3855,8,11.000000
3856,8,10.860000
3857,8,11.010000
3858,8,10.970000
3859,8,10.930000
3860,8,10.990000
3861,8,10.950000
3862,8,11.010000
3863,8,10.980000
3864,8,11.030000
3865,8,11.030000
3866,8,11.010000
3867,8,10.980000
3868,8,11.120000
3869,8,10.940000
3870,8,11.110000
3871,8,11.080000
3872,8,10.930000
3873,8,11.040000
3874,8,11.030000
3875,8,10.960000
3876,8,11.040000
3877,8,10.990000
3878,8,11.140000
3879,8,10.870000
3880,8,10.960000
3881,8,11.110000
3882,8,10.990000
3883,8,11.010000
3884,8,11.030000
3885,8,10.930000
3886,8,10.930000
3887,8,10.890000
3888,8,10.950000
3889,8,10.950000
3890,8,11.000000
3891,8,11.100000
3892,8,10.750000
3893,8,11.010000
3894,8,11.040000
3895,8,10.980000
3896,8,11.010000
3897,8,11.180000
3898,8,10.940000
3899,8,11.100000
3900,8,10.880000
3901,8,10.970000
3902,8,11.030000
3903,8,10.950000
3904,8,10.960000
3905,8,11.000000
3906,8,11.030000
3907,8,10.920000
3908,8,10.910000
3909,8,11.040000
3910,8,11.080000
3911,8,11.120000
3912,8,10.980000
3913,8,10.990000
3914,8,10.990000
3915,8,11.060000
3916,8,10.930000
3917,8,11.080000
3918,8,10.880000
3919,8,10.890000
3920,8,11.040000
3921,8,10.960000
3922,8,10.960000
3923,8,10.930000
3924,8,10.940000
3925,8,11.020000
3926,8,11.030000
3927,8,11.040000
3928,8,11.080000
3929,8,11.090000
3930,8,11.100000
3931,8,11.000000
3932,8,10.990000
3933,8,11.000000
3934,8,11.030000
3935,8,10.990000
3936,8,11.020000
3937,8,10.950000
3938,8,10.830000
3939,8,10.960000
3940,8,10.930000
3941,8,11.120000
3942,8,10.950000
3943,8,11.250000
3944,8,10.990000
3945,8,10.930000
3946,8,11.010000
3947,8,10.980000
3948,8,11.060000
3949,8,11.020000
3950,8,11.000000
3951,8,11.030000
3952,8,11.110000
3953,8,11.020000
3954,8,11.070000
3955,8,10.950000
3956,8,11.000000
3957,8,11.020000
3958,8,11.000000
3959,8,11.030000
3960,8,10.950000
3961,8,11.000000
3962,8,11.020000
3963,8,10.960000
3964,8,11.040000
3965,8,11.030000
3966,8,11.060000
3967,8,10.980000
3968,8,10.890000
3969,8,10.940000
3970,8,10.870000
3971,8,10.820000
3972,8,10.970000
3973,8,10.920000
3974,8,11.060000
3975,8,11.110000
3976,8,10.900000
3977,8,11.010000
3978,8,11.050000
3979,8,11.010000
3980,8,11.010000
3981,8,11.110000
3982,8,11.000000
3983,8,11.050000
3984,8,11.030000
3985,8,10.970000
3986,8,10.910000
3987,8,10.930000
3988,8,11.000000
3989,8,11.150000
3990,8,11.100000
3991,8,11.080000
3992,8,10.940000
3993,8,10.940000
3994,8,11.060000
3995,8,10.970000
3996,8,11.040000
3997,8,10.960000
3998,8,11.020000
3999,8,11.020000
4000,8,10.840000
4001,8,10.900000
4002,8,11.070000
4003,8,10.940000
4004,8,11.000000
4005,8,10.980000
4006,8,11.080000
4007,8,10.860000
4008,8,10.970000
4009,8,10.930000
4010,8,11.050000
4011,8,10.870000
4012,8,10.950000
4013,8,11.030000
4014,8,11.010000
4015,8,11.010000
4016,8,10.950000
4017,8,10.990000
4018,8,11.090000
4019,8,10.920000
4020,8,11.090000
4021,8,10.990000
4022,8,10.980000
4023,8,10.890000
4024,8,11.110000
4025,8,11.050000
4026,8,10.990000
4027,8,11.030000
4028,8,11.040000
4029,8,10.920000
4030,8,10.970000
4031,8,10.950000
4032,8,10.960000
4033,8,11.060000
4034,8,10.910000
4035,8,11.000000
4036,8,11.100000
4037,8,10.910000
4038,8,10.960000
4039,8,10.960000
4040,8,10.920000
4041,8,10.950000
4042,8,11.080000
4043,8,11.110000
4044,8,10.940000
4045,8,10.890000
4046,8,11.030000
4047,8,10.970000
4048,8,11.020000
4049,8,11.000000
4050,8,10.930000
4051,8,10.960000
4052,8,10.960000
4053,8,10.900000
4054,8,11.080000
4055,8,10.930000
4056,8,10.930000
4057,8,10.980000
4058,8,11.090000
4059,8,10.990000
4060,8,10.990000
4061,8,10.930000
4062,8,10.970000
4063,8,10.940000
4064,8,11.020000
4065,8,11.020000
4066,8,10.990000
4067,8,10.990000
4068,8,10.970000
4069,8,11.100000
4070,8,10.930000
4071,8,10.940000
4072,8,11.010000
4073,8,10.950000
4074,8,11.040000
4075,8,10.900000
4076,8,11.120000
4077,8,11.070000
4078,8,11.050000
4079,8,10.930000
4080,8,10.980000
4081,8,11.030000
4082,8,10.990000
4083,8,10.980000
4084,8,11.070000
4085,8,10.950000
4086,8,11.020000
4087,8,11.030000
4088,8,10.960000
4089,8,10.940000
4090,8,11.020000
4091,8,10.980000
4092,8,11.140000
4093,8,10.870000
4094,8,11.020000
4095,8,11.030000
4096,8,10.920000
4097,8,10.960000
4098,8,10.940000
4099,8,11.150000
4100,8,10.980000
4101,8,11.090000
4102,8,11.020000
4103,8,10.920000
4104,8,10.980000
4105,8,10.910000
4106,8,10.950000
4107,8,11.040000
4108,8,10.920000
4109,8,10.970000
4110,8,10.950000
4111,8,10.950000
4112,8,10.970000
4113,8,11.050000
4114,8,10.880000
4115,8,11.010000
4116,8,10.920000
4117,8,11.010000
4118,8,11.070000
4119,8,10.990000
4120,8,10.980000
4121,8,10.930000
4122,8,11.110000
4123,8,10.960000
4124,8,10.980000
4125,8,11.100000
4126,8,11.080000
4127,8,11.070000
4128,8,10.960000
4129,8,10.980000
4130,8,11.010000
4131,8,11.030000
4132,8,10.920000
4133,8,11.070000
4134,8,11.030000
4135,8,10.920000
4136,8,10.970000
4137,8,11.010000
4138,8,10.880000
4139,8,11.050000
4140,8,11.020000
4141,8,11.060000
4142,8,11.030000
4143,8,10.970000
4144,8,10.970000
4145,8,10.880000
4146,8,10.920000
4147,8,11.000000
4148,8,11.030000
4149,8,10.980000
4150,8,10.990000
4151,8,10.990000
4152,8,10.990000
4153,8,10.990000
4154,8,10.860000
4155,8,11.100000
4156,8,10.910000
4157,8,11.050000
4158,8,10.950000
4159,8,10.810000
4160,8,11.070000
4161,8,10.920000
4162,8,10.880000
4163,8,10.880000
4164,8,10.930000
4165,8,10.960000
4166,8,11.120000
4167,8,11.000000
4168,8,10.980000
4169,8,10.920000
4170,8,10.960000
4171,8,10.880000
4172,8,11.130000
4173,8,11.020000
4174,8,10.880000
4175,8,11.020000
4176,8,10.980000
4177,8,10.900000
4178,8,10.990000
4179,8,11.030000
4180,8,10.930000
4181,8,11.030000
4182,8,10.890000
4183,8,11.140000
4184,8,10.970000
4185,8,10.860000
4186,8,10.920000
4187,8,10.980000
4188,8,10.960000
4189,8,10.930000
4190,8,11.020000
4191,8,11.040000
4192,8,10.970000
4193,8,10.940000
4194,8,10.980000
4195,8,10.990000
4196,8,10.900000
4197,8,11.070000
4198,8,10.980000
4199,8,11.040000
4200,8,11.170000
4201,8,11.040000
4202,8,10.990000
4203,8,11.020000
4204,8,10.970000
4205,8,11.020000
4206,8,10.990000
4207,8,10.980000
4208,8,10.910000
4209,8,11.020000
4210,8,11.030000
4211,8,10.880000
4212,8,11.090000
4213,8,11.050000
4214,8,11.040000
4215,8,11.000000
4216,8,10.970000
4217,8,11.030000
4218,8,11.000000
4219,8,10.970000
4220,8,11.010000
4221,8,11.090000
4222,8,10.970000
4223,8,11.000000
4224,8,11.130000
4225,8,10.920000
4226,8,11.020000
4227,8,10.860000
4228,8,11.070000
4229,8,11.060000
4230,8,10.870000
4231,8,11.090000
4232,8,11.030000
4233,8,11.080000
4234,8,10.960000
4235,8,10.980000
4236,8,10.920000
4237,8,11.060000
4238,8,11.010000
4239,8,11.000000
4240,8,10.970000
4241,8,10.950000
4242,8,10.990000
4243,8,10.830000
4244,8,10.930000
4245,8,10.960000
4246,8,11.090000
4247,8,11.040000
4248,8,10.870000
4249,8,10.970000
4250,8,11.000000
4251,8,10.990000
4252,8,11.080000
4253,8,11.010000
4254,8,10.930000
4255,8,11.050000
4256,8,11.100000
4257,8,11.110000
4258,8,11.090000
4259,8,11.080000
4260,8,11.050000
4261,8,11.030000
4262,8,11.010000
4263,8,10.950000
4264,8,10.980000
4265,8,11.020000
4266,8,11.000000
4267,8,11.000000
4268,8,11.090000
4269,8,11.030000
4270,8,10.950000
4271,8,10.930000
4272,8,11.040000
4273,8,11.020000
4274,8,10.980000
4275,8,10.990000
4276,8,11.020000
4277,8,10.900000
4278,8,11.080000
4279,8,11.030000
4280,8,11.000000
4281,8,10.970000
4282,8,10.950000
4283,8,11.120000
4284,8,10.870000
4285,8,11.030000
4286,8,11.050000
4287,8,10.870000
4288,8,10.870000
4289,8,10.980000
4290,8,10.900000
4291,8,11.060000
4292,8,11.060000
4293,8,11.020000
4294,8,11.060000
4295,8,11.040000
4296,8,11.010000
4297,8,11.040000
4298,8,11.000000
4299,8,11.050000
4300,8,10.940000
4301,8,11.050000
4302,8,10.940000
4303,8,11.030000
4304,8,10.970000
4305,8,10.950000
4306,8,10.950000
4307,8,11.020000
4308,8,11.150000
4309,8,10.960000
4310,8,10.930000
4311,8,10.980000
4312,8,10.890000
4313,8,10.900000
4314,8,10.930000
4315,8,10.980000
4316,8,11.040000
4317,8,10.880000
4318,8,11.070000
4319,8,10.950000
4320,8,11.000000
4321,8,11.040000
4322,8,10.950000
4323,8,10.970000
4324,8,10.970000
4325,8,11.040000
4326,8,11.080000
4327,8,11.090000
4328,8,11.100000
4329,8,11.010000
4330,8,10.970000
4331,8,10.920000
4332,8,11.140000
4333,8,11.090000
4334,8,11.000000
4335,8,11.040000
4336,8,11.020000
4337,8,11.040000
4338,8,10.870000
4339,8,10.940000
4340,8,11.070000
4341,8,11.140000
4342,8,11.060000
4343,8,11.120000
4344,8,11.070000
4345,8,11.050000
4346,8,11.190000
4347,8,10.970000
4348,8,10.860000
4349,8,10.980000
4350,8,11.010000
4351,8,11.000000
4352,8,11.090000
4353,8,10.990000
4354,8,10.940000
4355,8,10.940000
4356,8,11.020000
4357,8,10.970000
4358,8,10.940000
4359,8,11.040000
4360,8,11.150000
4361,8,11.070000
4362,8,10.920000
4363,8,10.900000
4364,8,10.930000
4365,8,11.030000
4366,8,10.920000
4367,8,11.120000
4368,8,11.030000
4369,8,10.890000
4370,8,10.910000
4371,8,11.070000
4372,8,11.020000
4373,8,10.980000
4374,8,11.030000
4375,8,10.980000
4376,8,10.950000
4377,8,10.930000
4378,8,11.000000
4379,8,10.870000
4380,8,11.060000
4381,8,11.040000
4382,8,10.940000
4383,8,10.980000
4384,8,10.910000
4385,8,11.050000
4386,8,11.160000
4387,8,10.970000
4388,8,11.020000
4389,8,11.040000
4390,8,10.950000
4391,8,11.080000
4392,8,10.940000
4393,8,11.000000
4394,8,10.960000
4395,8,10.980000
4396,8,11.160000
4397,8,10.930000
4398,8,10.940000
4399,8,11.030000
4400,8,10.970000
4401,8,10.880000
4402,8,11.000000
4403,8,10.850000
4404,8,11.050000
4405,8,10.930000
4406,8,10.960000
4407,8,10.950000
4408,8,10.960000
4409,8,10.990000
4410,8,11.100000
4411,8,11.050000
4412,8,11.090000
4413,8,10.970000
4414,8,10.970000
4415,8,11.140000
4416,8,10.970000
4417,8,10.960000
4418,8,10.860000
4419,8,10.980000
4420,8,11.070000
4421,8,10.990000
4422,8,11.090000
4423,8,10.990000
4424,8,11.010000
4425,8,10.960000
4426,8,10.890000
4427,8,10.930000
4428,8,10.960000
4429,8,11.080000
4430,8,11.040000
4431,8,11.030000
4432,8,10.910000
4433,8,10.950000
4434,8,11.010000
4435,8,11.040000
4436,8,11.000000
4437,8,11.070000
4438,8,11.070000
4439,8,10.980000
4440,8,10.930000
4441,8,10.980000
4442,8,11.030000
4443,8,10.890000
4444,8,11.140000
4445,8,11.160000
4446,8,11.030000
4447,8,10.960000
4448,8,11.000000
4449,8,11.120000
4450,8,11.040000
4451,8,10.950000
4452,8,10.950000
4453,8,10.940000
4454,8,10.950000
4455,8,10.930000
4456,8,11.040000
4457,8,11.090000
4458,8,11.000000
4459,8,11.000000
4460,8,11.020000
4461,8,11.020000
4462,8,10.980000
4463,8,11.060000
4464,8,11.060000
4465,8,10.990000
4466,8,11.010000
4467,8,11.120000
4468,8,11.020000
4469,8,11.000000
4470,8,10.850000
4471,8,11.100000
4472,8,10.970000
4473,8,10.910000
4474,8,11.000000
4475,8,11.010000
4476,8,11.070000
4477,8,10.920000
4478,8,10.960000
4479,8,11.180000
4480,8,10.910000
4481,8,11.020000
4482,8,11.100000
4483,8,11.170000
4484,8,11.110000
4485,8,11.040000
4486,8,10.900000
4487,8,10.950000
4488,8,10.910000
4489,8,10.970000
4490,8,10.960000
4491,8,11.080000
4492,8,10.930000
4493,8,10.990000
4494,8,11.040000
4495,8,11.040000
4496,8,11.110000
4497,8,11.070000
4498,8,10.960000
4499,8,11.020000
4500,8,11.080000
4501,8,11.030000
4502,8,10.920000
4503,8,11.060000
4504,8,11.010000
4505,8,10.950000
4506,8,11.040000
4507,8,11.010000
4508,8,11.030000
4509,8,11.000000
4510,8,10.980000
4511,8,11.070000
4512,8,10.990000
4513,8,10.980000
4514,8,10.990000
4515,7,10.990000

Obtained Coloration:
5 1 6 4 3 0 2 6 4 3 0 2 5 1 3 0 2 5 1 6 4 2 5 1 6 4 3 0 1 6 4 3 0 2 5 4 3 0 2 5 1 6 0 2 5 1 6 4 3 
Obtained Chromatic number: 7
Known Chromatic number: 7
Chromatic Coloration found
Time Taken = 4.244396
